source,period,capacity_mwh,reserve_mw,supply_mw,deficit_mwh,request_mwh,hydrogen_energy_mwh,hours,restarts,deficit_pct
Belgium,calibration,0.5,0.25,0.0,20.822951110451157,243.05288358646473,62.20501375943237,4344.0,1,8.56725121018509
Belgium,calibration,0.5,0.25,0.025,2.2933668766238675,243.05288358646473,151.45621432342944,4344.0,1,0.9435670306738059
Belgium,calibration,0.5,0.25,0.05,0.21241821401443844,243.05288358646473,258.0966407175392,4344.0,1,0.08739588310165916
Belgium,calibration,0.5,0.25,0.1,1.719998791566136e-10,243.05288358646473,475.1446370110946,4344.0,1,7.076644252008045e-11
Belgium,calibration,0.5,0.25,0.2,1.7298518965912879e-10,243.05288358646473,909.5561125853043,4344.0,1,7.117183186908798e-11
Belgium,calibration,0.5,0.25,0.4,1.7298518965912879e-10,243.05288358646473,1778.3561125853043,4344.0,1,7.117183186908798e-11
Belgium,calibration,0.5,0.5,0.0,65.51696401100378,486.10576717292946,145.71562263805475,4344.0,1,13.477923619798668
Belgium,calibration,0.5,0.5,0.025,36.94707763702834,486.10576717292946,224.27535315282853,4344.0,1,7.6006252408613415
Belgium,calibration,0.5,0.5,0.05,20.100816680370574,486.10576717292946,315.1271895509301,4344.0,1,4.1350706035174065
Belgium,calibration,0.5,0.5,0.1,7.580639836743863,486.10576717292946,519.2003733169499,4344.0,1,1.5594630528312767
Belgium,calibration,0.5,0.5,0.2,3.881862208775697,486.10576717292946,949.7402709938489,4344.0,1,0.7985632903208791
Belgium,calibration,0.5,0.5,0.4,3.493038420825308,486.10576717292946,1818.1342031448526,4344.0,1,0.7185758031919581
Belgium,calibration,0.5,0.75,0.0,139.58268933372614,729.1586507594086,220.90869727847902,4344.0,1,19.142979266357564
Belgium,calibration,0.5,0.75,0.025,108.89352141458309,729.1586507594086,295.0605645248143,4344.0,1,14.934132825712483
Belgium,calibration,0.5,0.75,0.05,86.18910244821937,729.1586507594086,378.2109877608625,4344.0,1,11.820349708318568
Belgium,calibration,0.5,0.75,0.1,57.91719257992524,729.1586507594086,564.3054515723989,4344.0,1,7.94301658762538
Belgium,calibration,0.5,0.75,0.2,39.30561831346816,729.1586507594086,978.1181424284673,4344.0,1,5.3905440568430345
Belgium,calibration,0.5,0.75,0.4,36.968097754786214,729.1586507594086,1844.3859343229033,4344.0,1,5.069966284605477
Belgium,calibration,1.0,0.25,0.0,12.319460158875483,243.05288358646473,53.28310314238719,4344.0,1,5.068633614664729
Belgium,calibration,1.0,0.25,0.025,0.16429239638847234,243.05288358646473,149.21198403949703,4344.0,1,0.06759532903464864
Belgium,calibration,1.0,0.25,0.05,3.3958346601223954e-10,243.05288358646473,257.8663184443048,4344.0,1,1.397158762329329e-10
Belgium,calibration,1.0,0.25,0.1,3.448552754712734e-10,243.05288358646473,475.14463701109,4344.0,1,1.418848731118193e-10
Belgium,calibration,1.0,0.25,0.2,3.4533446577970517e-10,243.05288358646473,909.5561125853026,4344.0,1,1.4208202786323015e-10
Belgium,calibration,1.0,0.25,0.4,3.4533446577970517e-10,243.05288358646473,1778.3561125853025,4344.0,1,1.4208202786323015e-10
Belgium,calibration,1.0,0.5,0.0,41.645902220902315,486.10576717292946,124.41002751886474,4344.0,1,8.56725121018509
Belgium,calibration,1.0,0.5,0.025,15.691961021048266,486.10576717292946,205.78198148600956,4344.0,1,3.22809604014962
Belgium,calibration,1.0,0.5,0.05,4.586733753247735,486.10576717292946,302.91242864685887,4344.0,1,0.9435670306738059
Belgium,calibration,1.0,0.5,0.1,0.4248364280288769,486.10576717292946,516.1932814350783,4344.0,1,0.08739588310165916
Belgium,calibration,1.0,0.5,0.2,3.439997583132272e-10,486.10576717292946,950.2892740221891,4344.0,1,7.076644252008045e-11
Belgium,calibration,1.0,0.5,0.4,3.4597037931825757e-10,486.10576717292946,1819.1122251706086,4344.0,1,7.117183186908798e-11
Belgium,calibration,1.0,0.75,0.0,84.75688427770872,729.1586507594086,202.4360392100647,4344.0,1,11.62392905706263
Belgium,calibration,1.0,0.75,0.025,54.80147846092393,729.1586507594086,279.1647851628016,4344.0,1,7.515713953862984
Belgium,calibration,1.0,0.75,0.05,34.15405636159778,729.1586507594086,365.9026536812919,4344.0,1,4.684036365203486
Belgium,calibration,1.0,0.75,0.1,13.956672887969148,729.1586507594086,562.1138439820338,4344.0,1,1.914079038002699
Belgium,calibration,1.0,0.75,0.2,6.1729001824508405,729.1586507594086,988.6807270023602,4344.0,1,0.8465784745229109
Belgium,calibration,1.0,0.75,0.4,5.450531514863988,729.1586507594086,1856.744728654398,4344.0,1,0.7475096824521432
Belgium,calibration,2.0,0.25,0.0,4.952121324568081,243.05288358646473,45.81783893550991,4344.0,1,2.03746660047602
Belgium,calibration,2.0,0.25,0.025,6.514719608161027e-10,243.05288358646473,149.0318985576973,4344.0,1,2.680371247619225e-10
Belgium,calibration,2.0,0.25,0.05,6.763072231872759e-10,243.05288358646473,257.8663184442992,4344.0,1,2.782551736098549e-10
Belgium,calibration,2.0,0.25,0.1,6.871436589380696e-10,243.05288358646473,475.1446370110939,4344.0,1,2.827136419032124e-10
Belgium,calibration,2.0,0.25,0.2,6.845481816667065e-10,243.05288358646473,909.5561125853038,4344.0,1,2.816457766579767e-10
Belgium,calibration,2.0,0.25,0.4,6.845481816667065e-10,243.05288358646473,1778.3561125853037,4344.0,1,2.816457766579767e-10
Belgium,calibration,2.0,0.5,0.0,24.638920317750966,486.10576717292946,106.56620628477438,4344.0,1,5.068633614664729
Belgium,calibration,2.0,0.5,0.025,4.194437941767123,486.10576717292946,193.6356901100349,4344.0,1,0.8628652908524277
Belgium,calibration,2.0,0.5,0.05,0.3285847927769447,486.10576717292946,298.42396807899405,4344.0,1,0.06759532903464864
Belgium,calibration,2.0,0.5,0.1,6.791669320244791e-10,486.10576717292946,515.7326368886096,4344.0,1,1.397158762329329e-10
Belgium,calibration,2.0,0.5,0.2,6.897105509425468e-10,486.10576717292946,950.28927402218,4344.0,1,1.418848731118193e-10
Belgium,calibration,2.0,0.5,0.4,6.906689315594103e-10,486.10576717292946,1819.1122251706051,4344.0,1,1.4208202786323015e-10
Belgium,calibration,2.0,0.75,0.0,50.29167730553995,729.1586507594086,173.49031988451455,4344.0,1,6.897220139013899
Belgium,calibration,2.0,0.75,0.025,23.288211326484635,729.1586507594086,253.59980087532213,4344.0,1,3.193846949800333
Belgium,calibration,2.0,0.75,0.05,9.228638029103925,729.1586507594086,347.38876479274177,4344.0,1,1.2656557005107771
Belgium,calibration,2.0,0.75,0.1,1.1459667364723125,729.1586507594086,556.4483788096412,4344.0,1,0.15716288016041557
Belgium,calibration,2.0,0.75,0.2,0.2637061573681039,729.1586507594086,990.547824475183,4344.0,1,0.03616581344724602
Belgium,calibration,2.0,0.75,0.4,0.26370689406369774,729.1586507594086,1859.3938291213528,4344.0,1,0.036165914480895296
Belgium,calibration,4.0,0.25,0.0,1.1377759670563459,243.05288358646473,41.69233655321564,4344.0,1,0.46811868687482094
Belgium,calibration,4.0,0.25,0.025,1.2955855308988515e-09,243.05288358646473,149.03189855769344,4344.0,1,5.330467640545207e-10
Belgium,calibration,4.0,0.25,0.05,1.3672776670251525e-09,243.05288358646473,257.866318444292,4344.0,1,5.625432814660481e-10
Belgium,calibration,4.0,0.25,0.1,1.3727380839490956e-09,243.05288358646473,475.14463701111225,4344.0,1,5.647898776978516e-10
Belgium,calibration,4.0,0.25,0.2,1.3771151538898954e-09,243.05288358646473,909.5561125853192,4344.0,1,5.665907491280572e-10
Belgium,calibration,4.0,0.25,0.4,1.3771151538898954e-09,243.05288358646473,1778.3561125853196,4344.0,1,5.665907491280572e-10
Belgium,calibration,4.0,0.5,0.0,9.904242649136162,486.10576717292946,91.63567787101982,4344.0,1,2.03746660047602
Belgium,calibration,4.0,0.5,0.025,0.9407691713881837,486.10576717292946,190.10943559400914,4344.0,1,0.19353178565633233
Belgium,calibration,4.0,0.5,0.05,1.3029439216322053e-09,486.10576717292946,298.0637971153946,4344.0,1,2.680371247619225e-10
Belgium,calibration,4.0,0.5,0.1,1.3526144463745519e-09,486.10576717292946,515.7326368885984,4344.0,1,2.782551736098549e-10
Belgium,calibration,4.0,0.5,0.2,1.3742873178761392e-09,486.10576717292946,950.2892740221878,4344.0,1,2.827136419032124e-10
Belgium,calibration,4.0,0.5,0.4,1.369096363333413e-09,486.10576717292946,1819.1122251706076,4344.0,1,2.816457766579767e-10
Belgium,calibration,4.0,0.75,0.0,27.816495674378448,729.1586507594086,150.42304979366662,4344.0,1,3.8148756303457354
Belgium,calibration,4.0,0.75,0.025,6.829823889080547,729.1586507594086,236.68026177058545,4344.0,1,0.9366718589935649
Belgium,calibration,4.0,0.75,0.05,1.1376523181664935,729.1586507594086,339.22697188934535,4344.0,1,0.15602260454314631
Belgium,calibration,4.0,0.75,0.1,1.3489220899772303e-09,729.1586507594086,555.7245595343404,4344.0,1,1.8499706320049095e-10
Belgium,calibration,4.0,0.75,0.2,1.3825010505422052e-09,729.1586507594086,990.7901070789345,4344.0,1,1.8960222841796492e-10
Belgium,calibration,4.0,0.75,0.4,1.378456215965464e-09,729.1586507594086,1859.63607990727,4344.0,1,1.8904750214919906e-10
Belgium,calibration,8.0,0.25,0.0,2.0791623481518916e-09,243.05288358646473,40.47103186238489,4344.0,1,8.554361986872873e-10
Belgium,calibration,8.0,0.25,0.025,2.606124444821574e-09,243.05288358646473,149.0318985577189,4344.0,1,1.0722458447584967e-09
Belgium,calibration,8.0,0.25,0.05,2.7269000126896522e-09,243.05288358646473,257.86631844431514,4344.0,1,1.1219369103759563e-09
Belgium,calibration,8.0,0.25,0.1,2.761441568307678e-09,243.05288358646473,475.1446370111039,4344.0,1,1.1361484494897218e-09
Belgium,calibration,8.0,0.25,0.2,2.756039717486476e-09,243.05288358646473,909.5561125853069,4344.0,1,1.133925949290797e-09
Belgium,calibration,8.0,0.25,0.4,2.756039717486476e-09,243.05288358646473,1778.3561125853073,4344.0,1,1.133925949290797e-09
Belgium,calibration,8.0,0.5,0.0,2.2755519341126917,486.10576717292946,83.38467310643128,4344.0,1,0.46811868687482094
Belgium,calibration,8.0,0.5,0.025,2.419187764397812e-09,486.10576717292946,189.08269233409737,4344.0,1,4.976669539362201e-10
Belgium,calibration,8.0,0.5,0.05,2.591171061797703e-09,486.10576717292946,298.0637971153869,4344.0,1,5.330467640545207e-10
Belgium,calibration,8.0,0.5,0.1,2.734555334050305e-09,486.10576717292946,515.732636888584,4344.0,1,5.625432814660481e-10
Belgium,calibration,8.0,0.5,0.2,2.745476167898191e-09,486.10576717292946,950.2892740222245,4344.0,1,5.647898776978516e-10
Belgium,calibration,8.0,0.5,0.4,2.754230307779791e-09,486.10576717292946,1819.1122251706383,4344.0,1,5.665907491280572e-10
Belgium,calibration,8.0,0.75,0.0,8.362947134754483,729.1586507594086,130.3224226736937,4344.0,1,1.1469310726883086
Belgium,calibration,8.0,0.75,0.025,2.005056194224845,729.1586507594086,231.41459054040072,4344.0,1,0.27498215815400484
Belgium,calibration,8.0,0.75,0.05,2.48687258077496e-09,729.1586507594086,337.98826462622327,4344.0,1,3.410605604397502e-10
Belgium,calibration,8.0,0.75,0.1,2.6560146546733203e-09,729.1586507594086,555.7245595343105,4344.0,1,3.642574427262322e-10
Belgium,calibration,8.0,0.75,0.2,2.7585529323709306e-09,729.1586507594086,990.7901070789359,4344.0,1,3.783199896892036e-10
Belgium,calibration,8.0,0.75,0.4,2.7620585536526747e-09,729.1586507594086,1859.6360799072563,4344.0,1,3.78800765893133e-10
Belgium,development,0.5,0.25,0.0,29.559434909080597,280.5551881574801,81.45614958340533,4368.0,1,10.536050002571479
Belgium,development,0.5,0.25,0.025,7.268032720944586,280.5551881574801,167.4470647555929,4368.0,1,2.5905893128110407
Belgium,development,0.5,0.25,0.05,1.3176688210855778,280.5551881574801,270.74640689040586,4368.0,1,0.46966474929201785
Belgium,development,0.5,0.25,0.1,0.011285724477455883,280.5551881574801,488.06735949261196,4368.0,1,0.004022639735010363
Belgium,development,0.5,0.25,0.2,1.7408765562426523e-10,280.5551881574801,924.8791591030068,4368.0,1,6.205112682733462e-11
Belgium,development,0.5,0.25,0.4,1.7408765562426523e-10,280.5551881574801,1798.4791591030069,4368.0,1,6.205112682733462e-11
Belgium,development,0.5,0.5,0.0,93.91984250740268,561.1103763149601,185.94739484632797,4368.0,1,16.738211673113668
Belgium,development,0.5,0.5,0.025,64.13996296149777,561.1103763149601,263.1559501717891,4368.0,1,11.430899457381447
Belgium,development,0.5,0.5,0.05,43.16454359968868,561.1103763149601,349.83349845564305,4368.0,1,7.692701012440328
Belgium,development,0.5,0.5,0.1,21.741410144362828,561.1103763149601,545.1953125687295,4368.0,1,3.8747118324824967
Belgium,development,0.5,0.5,0.2,11.433914859360895,561.1103763149601,970.9161027887371,4368.0,1,2.037730069162517
Belgium,development,0.5,0.5,0.4,10.73675124595233,561.1103763149601,1843.761010006377,4368.0,1,1.913482925848732
Belgium,development,0.5,0.75,0.0,205.0749401540718,841.6655644724291,267.2637032374877,4368.0,1,24.365371331618686
Belgium,development,0.5,0.75,0.025,174.85442517749047,841.6655644724291,340.8416180201142,4368.0,1,20.774810394802397
Belgium,development,0.5,0.75,0.05,149.75332558222019,841.6655644724291,420.90814500954644,4368.0,1,17.79249762654698
Belgium,development,0.5,0.75,0.1,114.59004558689288,841.6655644724291,599.1420667198149,4368.0,1,13.61467671054357
Belgium,development,0.5,0.75,0.2,82.27938742055395,841.6655644724291,999.8696657469925,4368.0,1,9.775781604196688
Belgium,development,0.5,0.75,0.4,76.67760108644387,841.6655644724291,1867.387340478871,4368.0,1,9.110221960251724
Belgium,development,1.0,0.25,0.0,18.02012054351125,280.5551881574801,68.97350540610839,4368.0,1,6.42302167422271
Belgium,development,1.0,0.25,0.025,1.9555803681582962,280.5551881574801,161.64477063847707,4368.0,1,0.6970394598657708
Belgium,development,1.0,0.25,0.05,3.408236030511563e-10,280.5551881574801,269.3086494534691,4368.0,1,1.2148183938050956e-10
Belgium,development,1.0,0.25,0.1,3.4687219771215904e-10,280.5551881574801,488.05512746976535,4368.0,1,1.236377769344455e-10
Belgium,development,1.0,0.25,0.2,3.457868138934961e-10,280.5551881574801,924.8791591030056,4368.0,1,1.232509069479052e-10
Belgium,development,1.0,0.25,0.4,3.457868138934961e-10,280.5551881574801,1798.4791591030055,4368.0,1,1.232509069479052e-10
Belgium,development,1.0,0.5,0.0,59.118869818161194,561.1103763149601,162.91229916681067,4368.0,1,10.536050002571479
Belgium,development,1.0,0.5,0.025,31.401644446752503,561.1103763149601,243.31500188038828,4368.0,1,5.5963400022968495
Belgium,development,1.0,0.5,0.05,14.536065441889171,561.1103763149601,334.8941295111858,4368.0,1,2.5905893128110407
Belgium,development,1.0,0.5,0.1,2.6353376421711556,561.1103763149601,541.4928137808117,4368.0,1,0.46966474929201785
Belgium,development,1.0,0.5,0.2,0.022571448954911765,561.1103763149601,976.1347189852239,4368.0,1,0.004022639735010363
Belgium,development,1.0,0.5,0.4,3.4817531124853047e-10,561.1103763149601,1849.7583182060137,4368.0,1,6.205112682733462e-11
Belgium,development,1.0,0.75,0.0,125.42851638294789,841.6655644724291,255.7913276321566,4368.0,1,14.902417501370477
Belgium,development,1.0,0.75,0.025,94.81135494009982,841.6655644724291,331.92910162612304,4368.0,1,11.264730190016655
Belgium,development,1.0,0.75,0.05,71.10303713118925,841.6655644724291,415.4231967095819,4368.0,1,8.447896662584492
Belgium,development,1.0,0.75,0.1,40.885809690941166,841.6655644724291,600.8283223894014,4368.0,1,4.8577263246559355
Belgium,development,1.0,0.75,0.2,21.536809434969637,841.6655644724291,1015.8725216323558,4368.0,1,2.558832194646016
Belgium,development,1.0,0.75,0.4,19.389719951148063,841.6655644724291,1887.0910739299297,4368.0,1,2.303732119930781
Belgium,development,2.0,0.25,0.0,10.33783282432183,280.5551881574801,61.094942831772904,4368.0,1,3.684776921152155
Belgium,development,2.0,0.25,0.025,6.358674482017135e-10,280.5551881574801,159.51323360200078,4368.0,1,2.2664611992304022e-10
Belgium,development,2.0,0.25,0.05,6.83815435398354e-10,280.5551881574801,269.3086494534593,4368.0,1,2.4373651397760555e-10
Belgium,development,2.0,0.25,0.1,6.999995656398882e-10,280.5551881574801,488.05512746976393,4368.0,1,2.4950512240998635e-10
Belgium,development,2.0,0.25,0.2,6.977562082885354e-10,280.5551881574801,924.8791591030068,4368.0,1,2.48705508841588e-10
Belgium,development,2.0,0.25,0.4,6.977562082885354e-10,280.5551881574801,1798.4791591030066,4368.0,1,2.48705508841588e-10
Belgium,development,2.0,0.5,0.0,36.0402410870225,561.1103763149601,137.94701081221677,4368.0,1,6.42302167422271
Belgium,development,2.0,0.5,0.025,13.427482448524513,561.1103763149601,224.01463000544825,4368.0,1,2.3930198077441105
Belgium,development,2.0,0.5,0.05,3.9111607363165923,561.1103763149601,323.28954127695414,4368.0,1,0.6970394598657708
Belgium,development,2.0,0.5,0.1,6.816472061023126e-10,561.1103763149601,538.6172989069382,4368.0,1,1.2148183938050956e-10
Belgium,development,2.0,0.5,0.2,6.937443954243181e-10,561.1103763149601,976.1102549395307,4368.0,1,1.236377769344455e-10
Belgium,development,2.0,0.5,0.4,6.915736277869922e-10,561.1103763149601,1849.7583182060112,4368.0,1,1.232509069479052e-10
Belgium,development,2.0,0.75,0.0,74.62028941400348,841.6655644724291,225.23808546987266,4368.0,1,8.865788570164066
Belgium,development,2.0,0.75,0.025,46.25964428120292,841.6655644724291,304.8969134257192,4368.0,1,5.496202557627421
Belgium,development,2.0,0.75,0.05,26.91795758023968,841.6655644724291,393.76886980708326,4368.0,1,3.198177365984117
Belgium,development,2.0,0.75,0.1,8.770997491137486,841.6655644724291,593.8304666590973,4368.0,1,1.042100076487661
Belgium,development,2.0,0.75,0.2,1.844678528446017,841.6655644724291,1024.5853271238648,4368.0,1,0.21917001316339874
Belgium,development,2.0,0.75,0.4,1.7277159659866135,841.6655644724291,1898.3152450070434,4368.0,1,0.20527345289094445
Belgium,development,4.0,0.25,0.0,3.9063365523407954,280.5551881574801,55.11720448756948,4368.0,1,1.392359406359688
Belgium,development,4.0,0.25,0.025,1.2866138958647671e-09,280.5551881574801,159.51323360200956,4368.0,1,4.5859565253969585e-10
Belgium,development,4.0,0.25,0.05,1.3681125838756194e-09,280.5551881574801,269.3086494534717,4368.0,1,4.876447278913538e-10
Belgium,development,4.0,0.25,0.1,1.3913105973302988e-09,280.5551881574801,488.0551274697682,4368.0,1,4.959133375745432e-10
Belgium,development,4.0,0.25,0.2,1.3881257625113317e-09,280.5551881574801,924.879159103007,4368.0,1,4.947781474396241e-10
Belgium,development,4.0,0.25,0.4,1.3881257625113317e-09,280.5551881574801,1798.4791591030075,4368.0,1,4.947781474396241e-10
Belgium,development,4.0,0.5,0.0,20.67566564864366,561.1103763149601,122.18988566354581,4368.0,1,3.684776921152155
Belgium,development,4.0,0.5,0.025,3.3729869023854784,561.1103763149601,214.15092758127886,4368.0,1,0.6011271658416396
Belgium,development,4.0,0.5,0.05,1.271734896403427e-09,561.1103763149601,319.02646720400156,4368.0,1,2.2664611992304022e-10
Belgium,development,4.0,0.5,0.1,1.367630870796708e-09,561.1103763149601,538.6172989069186,4368.0,1,2.4373651397760555e-10
Belgium,development,4.0,0.5,0.2,1.3999991312797764e-09,561.1103763149601,976.1102549395279,4368.0,1,2.4950512240998635e-10
Belgium,development,4.0,0.5,0.4,1.3955124165770709e-09,561.1103763149601,1849.7583182060137,4368.0,1,2.48705508841588e-10
Belgium,development,4.0,0.75,0.0,43.43243686786404,841.6655644724291,195.125371904766,4368.0,1,5.160296286457705
Belgium,development,4.0,0.75,0.025,19.506339529691008,841.6655644724291,279.8843369332782,4368.0,1,2.317587929585539
Belgium,development,4.0,0.75,0.05,8.36197087217397,841.6655644724291,377.87838342624474,4368.0,1,0.9935027907926115
Belgium,development,4.0,0.75,0.1,0.07848738331184915,841.6655644724291,587.721381531417,4368.0,1,0.009325245872574868
Belgium,development,4.0,0.75,0.2,0.021941825746612867,841.6655644724291,1025.9917988997622,4368.0,1,0.0026069530075602406
Belgium,development,4.0,0.75,0.4,0.021941825747691098,841.6655644724291,1899.8779013579554,4368.0,1,0.0026069530076883473
Belgium,development,8.0,0.25,0.0,0.30886856255914125,280.5551881574801,51.22859198242866,4368.0,1,0.11009190904206997
Belgium,development,8.0,0.25,0.025,2.572064688532155e-09,280.5551881574801,159.51323360197173,4368.0,1,9.167767330998044e-10
Belgium,development,8.0,0.25,0.05,2.7457355715566542e-09,280.5551881574801,269.3086494534896,4368.0,1,9.786793071227858e-10
Belgium,development,8.0,0.25,0.1,2.7611229424210563e-09,280.5551881574801,488.0551274697711,4368.0,1,9.84163921741912e-10
Belgium,development,8.0,0.25,0.2,2.769137805243357e-09,280.5551881574801,924.879159103019,4368.0,1,9.870207082711284e-10
Belgium,development,8.0,0.25,0.4,2.769137805243357e-09,280.5551881574801,1798.4791591030196,4368.0,1,9.870207082711284e-10
Belgium,development,8.0,0.5,0.0,7.812673104681591,561.1103763149601,110.23440897513896,4368.0,1,1.392359406359688
Belgium,development,8.0,0.5,0.025,2.364021232153169e-09,561.1103763149601,210.76008109732192,4368.0,1,4.2131126636414337e-10
Belgium,development,8.0,0.5,0.05,2.5732277917295343e-09,561.1103763149601,319.0264672040191,4368.0,1,4.5859565253969585e-10
Belgium,development,8.0,0.5,0.1,2.7362251677512387e-09,561.1103763149601,538.6172989069433,4368.0,1,4.876447278913538e-10
Belgium,development,8.0,0.5,0.2,2.7826211946605976e-09,561.1103763149601,976.1102549395364,4368.0,1,4.959133375745432e-10
Belgium,development,8.0,0.5,0.4,2.7762515250226634e-09,561.1103763149601,1849.758318206014,4368.0,1,4.947781474396241e-10
Belgium,development,8.0,0.75,0.0,21.700472836811908,841.6655644724291,174.59941507567223,4368.0,1,2.578277376764743
Belgium,development,8.0,0.75,0.025,4.3181030347954605,841.6655644724291,265.99893679533034,4368.0,1,0.5130426165768258
Belgium,development,8.0,0.75,0.05,0.11101175272577057,841.6655644724291,369.4146110997252,4368.0,1,0.013189532447529169
Belgium,development,8.0,0.75,0.1,2.6529029624551285e-09,841.6655644724291,587.679693590062,4368.0,1,3.1519680434092786e-10
Belgium,development,8.0,0.75,0.2,2.768174985649314e-09,841.6655644724291,1026.0114789498614,4368.0,1,3.288925082000302e-10
Belgium,development,8.0,0.75,0.4,2.7659374011205266e-09,841.6655644724291,1899.8975815104623,4368.0,1,3.286266562247043e-10
Belgium,evaluation,0.5,0.25,0.0,63.66064622098738,362.8278768839352,108.21757404388009,5064.0,0,17.545687714991026
Belgium,evaluation,0.5,0.25,0.025,26.422907182720202,362.8278768839352,196.3198541557764,5064.0,0,7.282490918186149
Belgium,evaluation,0.5,0.25,0.05,9.632300139254752,362.8278768839352,305.67903591653754,5064.0,0,2.6547850242323094
Belgium,evaluation,0.5,0.25,0.1,0.96405864856836,362.8278768839352,550.2572574553144,5064.0,0,0.26570688472119586
Belgium,evaluation,0.5,0.25,0.2,0.04709206345535931,362.8278768839352,1055.8581389820224,5064.0,0,0.012979174549596023
Belgium,evaluation,0.5,0.25,0.4,1.9343068250793443e-10,362.8278768839352,2068.6108971594263,5064.0,0,5.331196824487962e-11
Belgium,evaluation,0.5,0.5,0.0,184.92034022295474,725.6557537678704,234.85742292179376,5064.0,0,25.483204572248013
Belgium,evaluation,0.5,0.5,0.025,140.45100407902567,725.6557537678704,313.8305141911187,5064.0,0,19.355045880881207
Belgium,evaluation,0.5,0.5,0.05,106.71363141843565,725.6557537678704,404.0568441618841,5064.0,0,14.705820337582857
Belgium,evaluation,0.5,0.5,0.1,65.34268942679812,725.6557537678704,612.8779311597941,5064.0,0,9.004640159953938
Belgium,evaluation,0.5,0.5,0.2,36.606307579564834,725.6557537678704,1089.222290222398,5064.0,0,5.044583108380452
Belgium,evaluation,0.5,0.5,0.4,32.23738333252762,725.6557537678704,2097.4781555180216,5064.0,0,4.442517428565725
Belgium,evaluation,0.5,0.75,0.0,374.78569573793993,1088.483630651736,320.0567125600946,5064.0,0,34.43190923445811
Belgium,evaluation,0.5,0.75,0.025,330.92011938105776,1088.483630651736,395.6536825811975,5064.0,0,30.401938078105722
Belgium,evaluation,0.5,0.75,0.05,293.1623476376326,1088.483630651736,479.02640233847893,5064.0,0,26.933096592559682
Belgium,evaluation,0.5,0.75,0.1,235.67833639264086,1088.483630651736,666.6213131539242,5064.0,0,21.65198720090325
Belgium,evaluation,0.5,0.75,0.2,175.23949557537546,1088.483630651736,1106.5405404441985,5064.0,0,16.099414877782753
Belgium,evaluation,0.5,0.75,0.4,161.45180108696786,1088.483630651736,2104.7369367372353,5064.0,0,14.832726606122469
Belgium,evaluation,1.0,0.25,0.0,46.22447553824486,362.8278768839352,89.45551129018865,5064.0,0,12.740056231410131
Belgium,evaluation,1.0,0.25,0.025,14.835362823642852,362.8278768839352,183.67182164112833,5064.0,0,4.0888155979229035
Belgium,evaluation,1.0,0.25,0.05,3.6280376299565904,362.8278768839352,299.10719149114135,5064.0,0,0.9999335390420294
Belgium,evaluation,1.0,0.25,0.1,0.11608415056317001,362.8278768839352,549.3347786344709,5064.0,0,0.031994275511609625
Belgium,evaluation,1.0,0.25,0.2,3.880486012006217e-10,362.8278768839352,1055.8069703687856,5064.0,0,1.0695115395577896e-10
Belgium,evaluation,1.0,0.25,0.4,3.8830437605743367e-10,362.8278768839352,2068.610897159423,5064.0,0,1.0702164877525332e-10
Belgium,evaluation,1.0,0.5,0.0,127.32129244197476,725.6557537678704,216.43514808776018,5064.0,0,17.545687714991026
Belgium,evaluation,1.0,0.5,0.025,82.90318874646042,725.6557537678704,297.1282135914445,5064.0,0,11.424589182404565
Belgium,evaluation,1.0,0.5,0.05,52.845814365440404,725.6557537678704,392.6397083115528,5064.0,0,7.282490918186149
Belgium,evaluation,1.0,0.5,0.1,19.264600278509505,725.6557537678704,611.3580718330751,5064.0,0,2.6547850242323094
Belgium,evaluation,1.0,0.5,0.2,1.92811729713672,725.6557537678704,1100.5145149106288,5064.0,0,0.26570688472119586
Belgium,evaluation,1.0,0.5,0.4,0.09418412691071862,725.6557537678704,2111.716277964045,5064.0,0,0.012979174549596023
Belgium,evaluation,1.0,0.75,0.0,266.32032104411076,1088.483630651736,312.16721932274635,5064.0,0,24.467094731103114
Belgium,evaluation,1.0,0.75,0.025,220.97405560655417,1088.483630651736,388.94055646225667,5064.0,0,20.30109129654478
Belgium,evaluation,1.0,0.75,0.05,183.46116623469996,1088.483630651736,473.899330854124,5064.0,0,16.854747381442156
Belgium,evaluation,1.0,0.75,0.1,130.1283692642145,1088.483630651736,666.8406914751455,5064.0,0,11.955013892703136
Belgium,evaluation,1.0,0.75,0.2,79.80853563955932,1088.483630651736,1117.791053884114,5064.0,0,7.332084139085628
Belgium,evaluation,1.0,0.75,0.4,69.03973101025248,1088.483630651736,2119.287649309066,5064.0,0,6.342744076813957
Belgium,evaluation,2.0,0.25,0.0,32.837312846095166,362.8278768839352,74.47404373669498,5064.0,0,9.05038309848487
Belgium,evaluation,2.0,0.25,0.025,7.6012633938418945,362.8278768839352,175.75784202019415,5064.0,0,2.0950053394804224
Belgium,evaluation,2.0,0.25,0.05,0.7393651908617614,362.8278768839352,295.93909390892253,5064.0,0,0.20377849607688128
Belgium,evaluation,2.0,0.25,0.1,7.743396842129645e-10,362.8278768839352,549.2066288827958,5064.0,0,2.1341791343686296e-10
Belgium,evaluation,2.0,0.25,0.2,7.794656033122998e-10,362.8278768839352,1055.806970368783,5064.0,0,2.1483068225257747e-10
Belgium,evaluation,2.0,0.25,0.4,7.783903643232474e-10,362.8278768839352,2068.6108971594213,5064.0,0,2.1453433264507574e-10
Belgium,evaluation,2.0,0.5,0.0,92.44895107648972,725.6557537678704,178.9110225803773,5064.0,0,12.740056231410131
Belgium,evaluation,2.0,0.5,0.025,53.65904003389156,725.6557537678704,265.3141496603048,5064.0,0,7.394558612024253
Belgium,evaluation,2.0,0.5,0.05,29.670725647285703,725.6557537678704,367.34364328225666,5064.0,0,4.0888155979229035
Belgium,evaluation,2.0,0.5,0.1,7.256075259913181,725.6557537678704,598.2143829822827,5064.0,0,0.9999335390420294
Belgium,evaluation,2.0,0.5,0.2,0.23216830112634002,725.6557537678704,1098.6695572689418,5064.0,0,0.031994275511609625
Belgium,evaluation,2.0,0.5,0.4,7.760972024012434e-10,725.6557537678704,2111.6139407375713,5064.0,0,1.0695115395577896e-10
Belgium,evaluation,2.0,0.75,0.0,178.38261380511827,1088.483630651736,283.4643849090134,5064.0,0,16.388176062722287
Belgium,evaluation,2.0,0.75,0.025,134.13428691196768,1088.483630651736,362.4039382042641,5064.0,0,12.323041259853765
Belgium,evaluation,2.0,0.75,0.05,103.17210358876947,1088.483630651736,454.17901132445377,5064.0,0,9.478516780908738
Belgium,evaluation,2.0,0.75,0.1,58.68651235629195,1088.483630651736,658.2547165793821,5064.0,0,5.391584283279764
Belgium,evaluation,2.0,0.75,0.2,25.479355217822196,1088.483630651736,1128.3176615063317,5064.0,0,2.340811979190379
Belgium,evaluation,2.0,0.75,0.4,21.29087943805423,1088.483630651736,2137.147801099597,5064.0,0,1.9560128272490596
Belgium,evaluation,4.0,0.25,0.0,22.1280758631005,362.8278768839352,62.093676642509884,5064.0,0,6.098780516299478
Belgium,evaluation,4.0,0.25,0.025,2.730851528299029,362.8278768839352,170.4665211188449,5064.0,0,0.7526575829157139
Belgium,evaluation,4.0,0.25,0.05,1.4923571853832239e-09,362.8278768839352,295.1350731715224,5064.0,0,4.113127134000823e-10
Belgium,evaluation,4.0,0.25,0.1,1.5363513740587179e-09,362.8278768839352,549.2066288828061,5064.0,0,4.234380740678811e-10
Belgium,evaluation,4.0,0.25,0.2,1.5480338448101457e-09,362.8278768839352,1055.8069703687904,5064.0,0,4.2665791231508523e-10
Belgium,evaluation,4.0,0.25,0.4,1.5467046045590317e-09,362.8278768839352,2068.610897159428,5064.0,0,4.262915567134899e-10
Belgium,evaluation,4.0,0.5,0.0,65.67462569219033,725.6557537678704,148.94808747338996,5064.0,0,9.05038309848487
Belgium,evaluation,4.0,0.5,0.025,32.095386669957406,725.6557537678704,241.27578088220375,5064.0,0,4.422949381067594
Belgium,evaluation,4.0,0.5,0.05,15.202526787683789,725.6557537678704,351.5156840403883,5064.0,0,2.0950053394804224
Belgium,evaluation,4.0,0.5,0.1,1.478730381723523,725.6557537678704,591.8781878178451,5064.0,0,0.20377849607688128
Belgium,evaluation,4.0,0.5,0.2,1.548679368425929e-09,725.6557537678704,1098.4132577655917,5064.0,0,2.1341791343686296e-10
Belgium,evaluation,4.0,0.5,0.4,1.5589312066245997e-09,725.6557537678704,2111.613940737566,5064.0,0,2.1483068225257747e-10
Belgium,evaluation,4.0,0.75,0.0,121.77984688112222,1088.483630651736,241.72492174153965,5064.0,0,11.188027403609722
Belgium,evaluation,4.0,0.75,0.025,82.62857052475395,1088.483630651736,327.5454332303881,5064.0,0,7.591163357714404
Belgium,evaluation,4.0,0.75,0.05,56.742971315643565,1088.483630651736,427.3146828461413,5064.0,0,5.213029366520503
Belgium,evaluation,4.0,0.75,0.1,25.23015577215088,1088.483630651736,648.2780245279198,5064.0,0,2.317917795148116
Belgium,evaluation,4.0,0.75,0.2,4.881758414997137,1088.483630651736,1135.2650563361788,5064.0,0,0.44849167020308384
Belgium,evaluation,4.0,0.75,0.4,3.7641501943796225,1088.483630651736,2147.558771326353,5064.0,0,0.34581596712904317
Belgium,evaluation,8.0,0.25,0.0,10.542899262215755,362.8278768839352,49.51198889962557,5064.0,0,2.9057577804553087
Belgium,evaluation,8.0,0.25,0.025,2.7426996130298813e-09,362.8278768839352,167.48450822000544,5064.0,0,7.559230664922812e-10
Belgium,evaluation,8.0,0.25,0.05,3.0107513160266663e-09,362.8278768839352,295.13507317148157,5064.0,0,8.298015416797134e-10
Belgium,evaluation,8.0,0.25,0.1,3.08890201199822e-09,362.8278768839352,549.2066288828053,5064.0,0,8.51340872296405e-10
Belgium,evaluation,8.0,0.25,0.2,3.1144452418711045e-09,362.8278768839352,1055.806970368807,5064.0,0,8.583809129052625e-10
Belgium,evaluation,8.0,0.25,0.4,3.1002246722518183e-09,362.8278768839352,2068.6108971594285,5064.0,0,8.544615421718402e-10
Belgium,evaluation,8.0,0.5,0.0,44.256151726201,725.6557537678704,124.18735328501977,5064.0,0,6.098780516299478
Belgium,evaluation,8.0,0.5,0.025,16.28823955546187,725.6557537678704,223.82092707379874,5064.0,0,2.244623496869882
Belgium,evaluation,8.0,0.5,0.05,5.461703056598058,725.6557537678704,340.9330422376898,5064.0,0,0.7526575829157139
Belgium,evaluation,8.0,0.5,0.1,2.9847143707664477e-09,725.6557537678704,590.2701463430448,5064.0,0,4.113127134000823e-10
Belgium,evaluation,8.0,0.5,0.2,3.0727027481174358e-09,725.6557537678704,1098.4132577656121,5064.0,0,4.234380740678811e-10
Belgium,evaluation,8.0,0.5,0.4,3.0960676896202913e-09,725.6557537678704,2111.613940737581,5064.0,0,4.2665791231508523e-10
Belgium,evaluation,8.0,0.75,0.0,84.38868876314079,1088.483630651736,205.6029336821779,5064.0,0,7.7528670516259925
Belgium,evaluation,8.0,0.75,0.025,49.62468794344877,1088.483630651736,296.51138239848814,5064.0,0,4.559066075595064
Belgium,evaluation,8.0,0.75,0.05,28.036645961761547,1088.483630651736,402.47038701667077,5064.0,0,2.575752650039803
Belgium,evaluation,8.0,0.75,0.1,6.832762949632638,1088.483630651736,635.2731901651913,5064.0,0,0.6277322650724184
Belgium,evaluation,8.0,0.75,0.2,3.1116552080657407e-09,1088.483630651736,1137.0646708616205,5064.0,0,2.858706479768206e-10
Belgium,evaluation,8.0,0.75,0.4,3.1202416029363932e-09,1088.483630651736,2150.603121727778,5064.0,0,2.866594880318164e-10
Germany_15min,calibration,0.5,0.25,0.0,11.853934231867694,99.054959375992,31.482031846356602,4343.0,1,11.967027503259708
Germany_15min,calibration,0.5,0.25,0.025,0.8868879418532427,99.054959375992,128.10868919013177,4343.0,1,0.8953493570037223
Germany_15min,calibration,0.5,0.25,0.05,0.103102413535978,99.054959375992,235.88640515043414,4343.0,1,0.1040860691736016
Germany_15min,calibration,0.5,0.25,0.1,1.6883055625505937e-10,99.054959375992,452.9775859928383,4343.0,1,1.704412957398869e-10
Germany_15min,calibration,0.5,0.25,0.2,1.6881997056573502e-10,99.054959375992,887.2862674666776,4343.0,1,1.704306090570686e-10
Germany_15min,calibration,0.5,0.25,0.4,1.6881997056573502e-10,99.054959375992,1755.8862674666777,4343.0,1,1.704306090570686e-10
Germany_15min,calibration,0.5,0.5,0.0,32.73178435553923,198.109918751984,70.83597992327141,4343.0,1,16.522032092959726
Germany_15min,calibration,0.5,0.5,0.025,12.895451722471195,198.109918751984,157.84210488613405,4343.0,1,6.50924083140691
Germany_15min,calibration,0.5,0.5,0.05,7.1232181951476115,198.109918751984,260.3223006255427,4343.0,1,3.595588873096883
Germany_15min,calibration,0.5,0.5,0.1,3.241670696995152,198.109918751984,473.46447404136717,4343.0,1,1.636299039147775
Germany_15min,calibration,0.5,0.5,0.2,1.3060638854684847,198.109918751984,905.8005086053173,4343.0,1,0.659262238708785
Germany_15min,calibration,0.5,0.5,0.4,1.1308914094637623,198.109918751984,1774.2206091151463,4343.0,1,0.5708403782041513
Germany_15min,calibration,0.5,0.75,0.0,61.93832631433127,297.16487812797965,108.57321117092405,4343.0,1,20.84308438618926
Germany_15min,calibration,0.5,0.75,0.025,38.65189479519028,297.16487812797965,191.0261676879462,4343.0,1,13.006885281558782
Germany_15min,calibration,0.5,0.75,0.05,28.564483115922688,297.16487812797965,288.43312068914923,4343.0,1,9.612334841138548
Germany_15min,calibration,0.5,0.75,0.1,19.100673385837915,297.16487812797965,495.29987195141643,4343.0,1,6.427634889481068
Germany_15min,calibration,0.5,0.75,0.2,12.969688493443064,297.16487812797965,923.1590375946686,4343.0,1,4.364475564927772
Germany_15min,calibration,0.5,0.75,0.4,11.785021260003594,297.16487812797965,1790.526132563377,4343.0,1,3.965819020822559
Germany_15min,calibration,1.0,0.25,0.0,8.596362625011976,99.054959375992,28.023171775493424,4343.0,1,8.678376811384044
Germany_15min,calibration,1.0,0.25,0.025,0.0815839575742841,99.054959375992,127.21852535015194,4343.0,1,0.08236231490904801
Germany_15min,calibration,1.0,0.25,0.05,3.3732084032768615e-10,99.054959375992,235.77190942967974,4343.0,1,3.4053907290728016e-10
Germany_15min,calibration,1.0,0.25,0.1,3.388962122400107e-10,99.054959375992,452.9775859928362,4343.0,1,3.421294747632284e-10
Germany_15min,calibration,1.0,0.25,0.2,3.403447139176876e-10,99.054959375992,887.2862674666762,4343.0,1,3.435917959703663e-10
Germany_15min,calibration,1.0,0.25,0.4,3.403447139176876e-10,99.054959375992,1755.8862674666764,4343.0,1,3.435917959703663e-10
Germany_15min,calibration,1.0,0.5,0.0,23.707868463735387,198.109918751984,62.964063692713204,4343.0,1,11.967027503259708
Germany_15min,calibration,1.0,0.5,0.025,6.528679072165906,198.109918751984,152.74157112028746,4343.0,1,3.2954831909952125
Germany_15min,calibration,1.0,0.5,0.05,1.7737758837064854,198.109918751984,256.21737838026354,4343.0,1,0.8953493570037223
Germany_15min,calibration,1.0,0.5,0.1,0.206204827071956,198.109918751984,471.7728103008683,4343.0,1,0.1040860691736016
Germany_15min,calibration,1.0,0.5,0.2,3.3766111251011874e-10,198.109918751984,905.9551719856767,4343.0,1,1.704412957398869e-10
Germany_15min,calibration,1.0,0.5,0.4,3.3763994113147004e-10,198.109918751984,1774.5725349333552,4343.0,1,1.704306090570686e-10
Germany_15min,calibration,1.0,0.75,0.0,44.44285401420484,297.16487812797965,100.47936964043238,4343.0,1,14.955621368910457
Germany_15min,calibration,1.0,0.75,0.025,22.25871729869651,297.16487812797965,184.7930196012644,4343.0,1,7.490359371846889
Germany_15min,calibration,1.0,0.75,0.05,11.37239379829234,297.16487812797965,281.4879441990669,4343.0,1,3.8269643000659737
Germany_15min,calibration,1.0,0.75,0.1,5.741315609732681,297.16487812797965,492.850049233067,4343.0,1,1.9320303415062652
Germany_15min,calibration,1.0,0.75,0.2,2.4707434757239395,297.16487812797965,923.8048382914419,4343.0,1,0.831438591023488
Germany_15min,calibration,1.0,0.75,0.4,2.0076843389782564,297.16487812797965,1791.9667454333464,4343.0,1,0.675612929638882
Germany_15min,calibration,2.0,0.25,0.0,5.3794423832196525,99.054959375992,24.566678816136047,4343.0,1,5.430765321704297
Germany_15min,calibration,2.0,0.25,0.025,6.64132229243446e-10,99.054959375992,127.13023661265859,4343.0,1,6.704684282616666e-10
Germany_15min,calibration,2.0,0.25,0.05,6.757313087497587e-10,99.054959375992,235.77190942968068,4343.0,1,6.821781695804078e-10
Germany_15min,calibration,2.0,0.25,0.1,6.75657332692426e-10,99.054959375992,452.9775859928478,4343.0,1,6.821034877494336e-10
Germany_15min,calibration,2.0,0.25,0.2,6.74600841458613e-10,99.054959375992,887.2862674666801,4343.0,1,6.810369169886474e-10
Germany_15min,calibration,2.0,0.25,0.4,6.74600841458613e-10,99.054959375992,1755.88626746668,4343.0,1,6.810369169886474e-10
Germany_15min,calibration,2.0,0.5,0.0,17.19272525002395,198.109918751984,56.04634355098685,4343.0,1,8.678376811384044
Germany_15min,calibration,2.0,0.5,0.025,3.441103306024572,198.109918751984,149.40609539735365,4343.0,1,1.7369666938950832
Germany_15min,calibration,2.0,0.5,0.05,0.1631679151485682,198.109918751984,254.43705070030387,4343.0,1,0.08236231490904801
Germany_15min,calibration,2.0,0.5,0.1,6.746416806553723e-10,198.109918751984,471.5438188593595,4343.0,1,3.4053907290728016e-10
Germany_15min,calibration,2.0,0.5,0.2,6.777924244800214e-10,198.109918751984,905.9551719856725,4343.0,1,3.421294747632284e-10
Germany_15min,calibration,2.0,0.5,0.4,6.806894278353752e-10,198.109918751984,1774.5725349333525,4343.0,1,3.435917959703663e-10
Germany_15min,calibration,2.0,0.75,0.0,31.158308843517894,297.16487812797965,89.46275183340393,4343.0,1,10.485192274337003
Germany_15min,calibration,2.0,0.75,0.025,12.983312173958613,297.16487812797965,178.01153330612914,4343.0,1,4.369060117651961
Germany_15min,calibration,2.0,0.75,0.05,4.214962480020896,297.16487812797965,276.92988787622915,4343.0,1,1.4183918727453528
Germany_15min,calibration,2.0,0.75,0.1,0.4306598256200352,297.16487812797965,490.1818556347157,4343.0,1,0.1449228550604703
Germany_15min,calibration,2.0,0.75,0.2,0.1055453420772431,297.16487812797965,924.2571520897623,4343.0,1,0.03551743488064159
Germany_15min,calibration,2.0,0.75,0.4,0.10554534207673884,297.16487812797965,1792.9168055111086,4343.0,1,0.0355174348804719
Germany_15min,calibration,4.0,0.25,0.0,3.2467593372860306,99.054959375992,22.280755920517063,4343.0,1,3.277735267107635
Germany_15min,calibration,4.0,0.25,0.025,1.328698833994435e-09,99.054959375992,127.1302366126565,4343.0,1,1.3413753762201557e-09
Germany_15min,calibration,4.0,0.25,0.05,1.342865047093144e-09,99.054959375992,235.77190942966362,4343.0,1,1.3556767430451494e-09
Germany_15min,calibration,4.0,0.25,0.1,1.3536842525726435e-09,99.054959375992,452.9775859928394,4343.0,1,1.3665991698955122e-09
Germany_15min,calibration,4.0,0.25,0.2,1.3543358645505024e-09,99.054959375992,887.2862674666868,4343.0,1,1.3672569986220736e-09
Germany_15min,calibration,4.0,0.25,0.4,1.3543358645505024e-09,99.054959375992,1755.8862674666873,4343.0,1,1.3672569986220736e-09
Germany_15min,calibration,4.0,0.5,0.0,10.758884766439305,198.109918751984,49.133357632272094,4343.0,1,5.430765321704297
Germany_15min,calibration,4.0,0.5,0.025,1.9964715566610505,198.109918751984,147.83043196241698,4343.0,1,1.0077595151409129
Germany_15min,calibration,4.0,0.5,0.05,1.328264458486892e-09,198.109918751984,254.26047322531718,4343.0,1,6.704684282616666e-10
Germany_15min,calibration,4.0,0.5,0.1,1.3514626174995175e-09,198.109918751984,471.54381885936135,4343.0,1,6.821781695804078e-10
Germany_15min,calibration,4.0,0.5,0.2,1.351314665384852e-09,198.109918751984,905.9551719856956,4343.0,1,6.821034877494336e-10
Germany_15min,calibration,4.0,0.5,0.4,1.349201682917226e-09,198.109918751984,1774.5725349333602,4343.0,1,6.810369169886474e-10
Germany_15min,calibration,4.0,0.75,0.0,21.673400700020903,297.16487812797965,79.51654458061188,4343.0,1,7.293392421256069
Germany_15min,calibration,4.0,0.75,0.025,7.954045782331058,297.16487812797965,172.7777970757043,4343.0,1,2.676643966958134
Germany_15min,calibration,4.0,0.75,0.05,2.4859385203463433,297.16487812797965,275.2532393105346,4343.0,1,0.8365519290189223
Germany_15min,calibration,4.0,0.75,0.1,1.3428903570425006e-09,297.16487812797965,489.91858067824836,4343.0,1,4.5190076482193144e-10
Germany_15min,calibration,4.0,0.75,0.2,1.3595084391443707e-09,297.16487812797965,924.3512856106972,4343.0,1,4.574929741726991e-10
Germany_15min,calibration,4.0,0.75,0.4,1.3673449923754349e-09,297.16487812797965,1793.0109390320356,4343.0,1,4.6013008030732416e-10
Germany_15min,calibration,8.0,0.25,0.0,1.3667593381293766,99.054959375992,20.238813314084616,4343.0,1,1.3797989992014863
Germany_15min,calibration,8.0,0.25,0.025,2.6490899900874377e-09,99.054959375992,127.13023661262876,4343.0,1,2.674363814568884e-09
Germany_15min,calibration,8.0,0.25,0.05,2.7010618177451627e-09,99.054959375992,235.77190942970464,4343.0,1,2.7268314830078266e-09
Germany_15min,calibration,8.0,0.25,0.1,2.697090551184075e-09,99.054959375992,452.9775859928095,4343.0,1,2.7228223283061286e-09
Germany_15min,calibration,8.0,0.25,0.2,2.7062183192662206e-09,99.054959375992,887.2862674666791,4343.0,1,2.732037180484805e-09
Germany_15min,calibration,8.0,0.25,0.4,2.7062183192662206e-09,99.054959375992,1755.8862674666796,4343.0,1,2.732037180484805e-09
Germany_15min,calibration,8.0,0.5,0.0,6.493518674572061,198.109918751984,44.561511841034125,4343.0,1,3.277735267107635
Germany_15min,calibration,8.0,0.5,0.025,0.11647155792309363,198.109918751984,145.77327636675733,4343.0,1,0.05879138139918459
Germany_15min,calibration,8.0,0.5,0.05,2.65739766798887e-09,198.109918751984,254.260473225313,4343.0,1,1.3413753762201557e-09
Germany_15min,calibration,8.0,0.5,0.1,2.685730094186288e-09,198.109918751984,471.54381885932725,4343.0,1,1.3556767430451494e-09
Germany_15min,calibration,8.0,0.5,0.2,2.707368505145287e-09,198.109918751984,905.9551719856788,4343.0,1,1.3665991698955122e-09
Germany_15min,calibration,8.0,0.5,0.4,2.7086717291010048e-09,198.109918751984,1774.5725349333736,4343.0,1,1.3672569986220736e-09
Germany_15min,calibration,8.0,0.75,0.0,12.478532174525693,297.16487812797965,69.63156055296666,4343.0,1,4.199194821788993
Germany_15min,calibration,8.0,0.75,0.025,4.694830136522076,297.16487812797965,169.23851389114674,4343.0,1,1.579873828326428
Germany_15min,calibration,8.0,0.75,0.05,0.6059385216490879,297.16487812797965,273.2066716304782,4343.0,1,0.2039065065381411
Germany_15min,calibration,8.0,0.75,0.1,2.6618336909521364e-09,297.16487812797965,489.91858067827525,4343.0,1,8.957430325281469e-10
Germany_15min,calibration,8.0,0.75,0.2,2.6757778039962532e-09,297.16487812797965,924.3512856106651,4343.0,1,9.004354151313532e-10
Germany_15min,calibration,8.0,0.75,0.4,2.672934173890105e-09,297.16487812797965,1793.0109390320179,4343.0,1,8.994784951467096e-10
Germany_15min,development,0.5,0.25,0.0,34.75412168273144,96.35272081642373,6.1809603767781045,4417.0,0,36.069683749716646
Germany_15min,development,0.5,0.25,0.025,2.1266888606629033,96.35272081642373,81.64268801248531,4417.0,0,2.207191289091652
Germany_15min,development,0.5,0.25,0.05,0.44303119550519043,96.35272081642373,190.6119805050615,4417.0,0,0.45980143762548936
Germany_15min,development,0.5,0.25,0.1,1.526427297757261e-10,96.35272081642373,411.20785332777245,4417.0,0,1.5842077782790283e-10
Germany_15min,development,0.5,0.25,0.2,1.5286796076549493e-10,96.35272081642373,852.9460289990792,4417.0,0,1.586545345789944e-10
Germany_15min,development,0.5,0.25,0.4,1.5286796076549493e-10,96.35272081642373,1736.3460289990792,4417.0,0,1.586545345789944e-10
Germany_15min,development,0.5,0.5,0.0,77.18732395152101,192.70544163284745,20.799036663569936,4417.0,0,40.05456374116428
Germany_15min,development,0.5,0.5,0.025,27.20334998543279,192.70544163284745,77.63431132810587,4417.0,0,14.116544792368678
Germany_15min,development,0.5,0.5,0.05,13.133171900417423,192.70544163284745,173.2585892871673,4417.0,0,6.81515362988007
Germany_15min,development,0.5,0.5,0.1,5.431708534792144,192.70544163284745,386.29305538503655,4417.0,0,2.818658616366901
Germany_15min,development,0.5,0.5,0.2,1.595584146595982,192.70544163284745,824.1552628138969,4417.0,0,0.827991224885062
Germany_15min,development,0.5,0.5,0.4,1.0170477991112705,192.70544163284745,1706.9660362661164,4417.0,0,0.5277732639480952
Germany_15min,development,0.5,0.75,0.0,124.21201216785887,289.05816244928224,38.39586471073785,4417.0,0,42.971286856378924
Germany_15min,development,0.5,0.75,0.025,68.38138819204146,289.05816244928224,88.89823843423689,4417.0,0,23.6566190045021
Germany_15min,development,0.5,0.75,0.05,43.78874299066488,289.05816244928224,173.1198951751766,4417.0,0,15.148765431714107
Germany_15min,development,0.5,0.75,0.1,23.81956677865684,289.05816244928224,372.9419357637847,4417.0,0,8.240406213346835
Germany_15min,development,0.5,0.75,0.2,12.026282799108017,289.05816244928224,802.4855280586918,4417.0,0,4.1605062099632395
Germany_15min,development,0.5,0.75,0.4,9.818342244565981,289.05816244928224,1683.617169124753,4417.0,0,3.3966666643737122
Germany_15min,development,1.0,0.25,0.0,32.27442520037343,96.35272081642373,3.703331021315083,4417.0,0,33.49612229618753
Germany_15min,development,1.0,0.25,0.025,0.1384806407293354,96.35272081642373,79.45574860463103,4417.0,0,0.1437226053981143
Germany_15min,development,1.0,0.25,0.05,3.009920835379604e-10,96.35272081642373,190.11873579812993,4417.0,0,3.123856607136464e-10
Germany_15min,development,1.0,0.25,0.1,3.0729830064469303e-10,96.35272081642373,411.2078533277757,4417.0,0,3.1893058965109444e-10
Germany_15min,development,1.0,0.25,0.2,3.0703556917936225e-10,96.35272081642373,852.9460289990825,4417.0,0,3.186579129035106e-10
Germany_15min,development,1.0,0.25,0.4,3.0703556917936225e-10,96.35272081642373,1736.3460289990826,4417.0,0,3.186579129035106e-10
Germany_15min,development,1.0,0.5,0.0,69.50824336546287,192.70544163284745,12.361920753556209,4417.0,0,36.069683749716646
Germany_15min,development,1.0,0.5,0.025,15.566309532908596,192.70544163284745,64.7338421511203,4417.0,0,8.077773726061327
Germany_15min,development,1.0,0.5,0.05,4.253377721325807,192.70544163284745,163.28537602497062,4417.0,0,2.207191289091652
Germany_15min,development,1.0,0.5,0.1,0.8860623910103809,192.70544163284745,381.223961010123,4417.0,0,0.45980143762548936
Germany_15min,development,1.0,0.5,0.2,3.052854595514522e-10,192.70544163284745,822.4157066555449,4417.0,0,1.5842077782790283e-10
Germany_15min,development,1.0,0.5,0.4,3.0573592153098987e-10,192.70544163284745,1705.8920579981584,4417.0,0,1.586545345789944e-10
Germany_15min,development,1.0,0.75,0.0,110.50335858518298,289.05816244928224,25.430384166236976,4417.0,0,38.22876256074303
Germany_15min,development,1.0,0.75,0.025,48.67707331815371,289.05816244928224,69.48827603299759,4417.0,0,16.839888867242944
Germany_15min,development,1.0,0.75,0.05,23.42004855784994,289.05816244928224,152.80737981229385,4417.0,0,8.102192430549056
Germany_15min,development,1.0,0.75,0.1,8.754522404554569,289.05816244928224,358.5509586265197,4417.0,0,3.028636981005726
Germany_15min,development,1.0,0.75,0.2,2.532677849387275,289.05816244928224,794.3287925099573,4417.0,0,0.8761827820142097
Germany_15min,development,1.0,0.75,0.4,1.3360016419563372,289.05816244928224,1676.6056101471208,4417.0,0,0.46219128726065645
Germany_15min,development,2.0,0.25,0.0,30.0804787466818,96.35272081642373,1.8534192897729127,4417.0,0,31.21912748472636
Germany_15min,development,2.0,0.25,0.025,5.854231591610552e-10,96.35272081642373,79.30672922595292,4417.0,0,6.07583422866111e-10
Germany_15min,development,2.0,0.25,0.05,6.089936532963492e-10,96.35272081642373,190.11873579812917,4417.0,0,6.320461406135442e-10
Germany_15min,development,2.0,0.25,0.1,6.149162768502444e-10,96.35272081642373,411.20785332776813,4417.0,0,6.381929556735769e-10
Germany_15min,development,2.0,0.25,0.2,6.112686405005208e-10,96.35272081642373,852.9460289990664,4417.0,0,6.34407243844356e-10
Germany_15min,development,2.0,0.25,0.4,6.112686405005208e-10,96.35272081642373,1736.3460289990662,4417.0,0,6.34407243844356e-10
Germany_15min,development,2.0,0.5,0.0,64.54885040074686,192.70544163284745,7.406662042630166,4417.0,0,33.49612229618753
Germany_15min,development,2.0,0.5,0.025,7.781949151586282,192.70544163284745,56.250234946742445,4417.0,0,4.038261237278842
Germany_15min,development,2.0,0.5,0.05,0.2769612814586708,192.70544163284745,158.91149720926205,4417.0,0,0.1437226053981143
Germany_15min,development,2.0,0.5,0.1,6.019841670759208e-10,192.70544163284745,380.23747159625987,4417.0,0,3.123856607136464e-10
Germany_15min,development,2.0,0.5,0.2,6.145966012893861e-10,192.70544163284745,822.4157066555514,4417.0,0,3.1893058965109444e-10
Germany_15min,development,2.0,0.5,0.4,6.140711383587245e-10,192.70544163284745,1705.892057998165,4417.0,0,3.186579129035106e-10
Germany_15min,development,2.0,0.75,0.0,100.95654288391793,289.05816244928224,15.042269588630738,4417.0,0,34.92603081278898
Germany_15min,development,2.0,0.75,0.025,33.36573456624065,289.05816244928224,52.65812974372307,4417.0,0,11.542913814826093
Germany_15min,development,2.0,0.75,0.05,9.873647535312891,289.05816244928224,137.76102517786745,4417.0,0,3.415799592597669
Germany_15min,development,2.0,0.75,0.1,1.4238294046108597,289.05816244928224,350.3178846056482,4417.0,0,0.49257540162377633
Germany_15min,development,2.0,0.75,0.2,0.07300336240654089,289.05816244928224,791.6399755537578,4417.0,0,0.025255596239857077
Germany_15min,development,2.0,0.75,0.4,6.058657506824794e-10,289.05816244928224,1675.1688780022153,4417.0,0,2.095999454050303e-10
Germany_15min,development,4.0,0.25,0.0,28.03379458897185,96.35272081642373,0.6676186687944685,4417.0,0,29.094969349524973
Germany_15min,development,4.0,0.25,0.025,1.1749696238671497e-09,96.35272081642373,79.30672922595909,4417.0,0,1.2194462324585143e-09
Germany_15min,development,4.0,0.25,0.05,1.2062959971569114e-09,96.35272081642373,190.11873579812817,4417.0,0,1.2519584158450595e-09
Germany_15min,development,4.0,0.25,0.1,1.2233388927250802e-09,96.35272081642373,411.2078533277677,4417.0,0,1.2696464431511488e-09
Germany_15min,development,4.0,0.25,0.2,1.2229808437802759e-09,96.35272081642373,852.946028999067,4417.0,0,1.2692748408323242e-09
Germany_15min,development,4.0,0.25,0.4,1.2229808437802759e-09,96.35272081642373,1736.3460289990674,4417.0,0,1.2692748408323242e-09
Germany_15min,development,4.0,0.5,0.0,60.1609574933636,192.70544163284745,3.7068385795458254,4417.0,0,31.21912748472636
Germany_15min,development,4.0,0.5,0.025,2.8687057314060396,192.70544163284745,50.91109357503469,4417.0,0,1.488648014865947
Germany_15min,development,4.0,0.5,0.05,1.1708463183221103e-09,192.70544163284745,158.61345845190584,4417.0,0,6.07583422866111e-10
Germany_15min,development,4.0,0.5,0.1,1.2179873065926984e-09,192.70544163284745,380.23747159625833,4417.0,0,6.320461406135442e-10
Germany_15min,development,4.0,0.5,0.2,1.2298325537004887e-09,192.70544163284745,822.4157066555363,4417.0,0,6.381929556735769e-10
Germany_15min,development,4.0,0.5,0.4,1.2225372810010417e-09,192.70544163284745,1705.8920579981327,4417.0,0,6.34407243844356e-10
Germany_15min,development,4.0,0.75,0.0,94.0633223496915,289.05816244928224,8.635676698183584,4417.0,0,32.541313330390985
Germany_15min,development,4.0,0.75,0.025,22.24877567253119,289.05816244928224,40.595125096842025,4417.0,0,7.696989243967441
Germany_15min,development,4.0,0.75,0.05,2.370982330204811,289.05816244928224,129.5640401189234,4417.0,0,0.8202440332819941
Germany_15min,development,4.0,0.75,0.1,1.1852156335364405e-09,289.05816244928224,348.74708272963727,4417.0,0,4.1002669618243245e-10
Germany_15min,development,4.0,0.75,0.2,1.2212816820975338e-09,289.05816244928224,791.5603054530314,4417.0,0,4.2250378669442287e-10
Germany_15min,development,4.0,0.75,0.4,1.2230657299211699e-09,289.05816244928224,1675.16887800223,4417.0,0,4.231209800677285e-10
Germany_15min,development,8.0,0.25,0.0,26.10986004233551,96.35272081642373,0.6206954819504056,4417.0,0,27.09820731692817
Germany_15min,development,8.0,0.25,0.025,2.3425493364798898e-09,96.35272081642373,79.30672922598421,4417.0,0,2.431222820311466e-09
Germany_15min,development,8.0,0.25,0.05,2.4186867049002116e-09,96.35272081642373,190.11873579814144,4417.0,0,2.510242247863888e-09
Germany_15min,development,8.0,0.25,0.1,2.4537436562924206e-09,96.35272081642373,411.20785332777416,4417.0,0,2.546626224460669e-09
Germany_15min,development,8.0,0.25,0.2,2.4461687148831353e-09,96.35272081642373,852.946028999097,4417.0,0,2.538764545677651e-09
Germany_15min,development,8.0,0.25,0.4,2.4461687148831353e-09,96.35272081642373,1736.3460289990974,4417.0,0,2.538764545677651e-09
Germany_15min,development,8.0,0.5,0.0,56.0675891779437,192.70544163284745,1.335237337588937,4417.0,0,29.094969349524973
Germany_15min,development,8.0,0.5,0.025,1.973950464814516e-09,192.70544163284745,47.7685205646692,4417.0,0,1.0243356119519397e-09
Germany_15min,development,8.0,0.5,0.05,2.3499392477342994e-09,192.70544163284745,158.61345845191818,4417.0,0,1.2194462324585143e-09
Germany_15min,development,8.0,0.5,0.1,2.412591994313823e-09,192.70544163284745,380.23747159625634,4417.0,0,1.2519584158450595e-09
Germany_15min,development,8.0,0.5,0.2,2.4466777854501604e-09,192.70544163284745,822.4157066555354,4417.0,0,1.2696464431511488e-09
Germany_15min,development,8.0,0.5,0.4,2.4459616875605517e-09,192.70544163284745,1705.892057998134,4417.0,0,1.2692748408323242e-09
Germany_15min,development,8.0,0.75,0.0,87.85680406403293,289.05816244928224,4.006131328564728,4417.0,0,30.39416127176418
Germany_15min,development,8.0,0.75,0.025,14.922515408021306,289.05816244928224,33.49032549730637,4417.0,0,5.162461174449482
Germany_15min,development,8.0,0.75,0.05,2.1880405421161776e-09,289.05816244928224,126.98216841128257,4417.0,0,7.56955113661628e-10
Germany_15min,development,8.0,0.75,0.1,2.372895721231365e-09,289.05816244928224,348.7470827296177,4417.0,0,8.20905973083431e-10
Germany_15min,development,8.0,0.75,0.2,2.4223333456850786e-09,289.05816244928224,791.5603054530102,4417.0,0,8.380089754808768e-10
Germany_15min,development,8.0,0.75,0.4,2.4273950865924753e-09,289.05816244928224,1675.1688780021714,4417.0,0,8.397600905037175e-10
Germany_15min,evaluation,0.5,0.25,0.0,25.84243803023156,135.34506420682013,24.35380828607412,5087.0,0,19.09374248826825
Germany_15min,evaluation,0.5,0.25,0.025,2.12292579997811,135.34506420682013,126.15265410875764,5087.0,0,1.568528422088653
Germany_15min,evaluation,0.5,0.25,0.05,0.23085429102920296,135.34506420682013,251.5018118286735,5087.0,0,0.17056720345297238
Germany_15min,evaluation,0.5,0.25,0.1,1.8853122352889412e-10,135.34506420682013,505.7527207662448,5087.0,0,1.392967114344122e-10
Germany_15min,evaluation,0.5,0.25,0.2,1.8882223277584332e-10,135.34506420682013,1014.4694894951045,5087.0,0,1.395117242600772e-10
Germany_15min,evaluation,0.5,0.25,0.4,1.8882223277584332e-10,135.34506420682013,2031.8694894951047,5087.0,0,1.395117242600772e-10
Germany_15min,evaluation,0.5,0.5,0.0,63.26841223923301,270.69012841364025,60.411636417927525,5087.0,0,23.37300314939925
Germany_15min,evaluation,0.5,0.5,0.025,24.496444895850274,270.69012841364025,146.02785392456659,5087.0,0,9.04962624215737
Germany_15min,evaluation,0.5,0.5,0.05,12.150749091617435,270.69012841364025,260.0733485153638,5087.0,0,4.488803918645284
Germany_15min,evaluation,0.5,0.5,0.1,4.195793867706787,270.69012841364025,506.22606465633424,5087.0,0,1.55003578900196
Germany_15min,evaluation,0.5,0.5,0.2,1.3657435666932674,270.69012841364025,1012.1248645846539,5087.0,0,0.5045413272722976
Germany_15min,evaluation,0.5,0.5,0.4,1.0967400605939324,270.69012841364025,2029.2478665607857,5087.0,0,0.4051644095857124
Germany_15min,evaluation,0.5,0.75,0.0,109.3455856713312,406.0351926204884,99.65239712558525,5087.0,0,26.930075929042427
Germany_15min,evaluation,0.5,0.75,0.025,64.23718201208001,406.0351926204884,178.1452868162128,5087.0,0,15.820594662621032
Germany_15min,evaluation,0.5,0.75,0.05,42.756204889327215,406.0351926204884,281.95420802393517,5087.0,0,10.530172178767382
Germany_15min,evaluation,0.5,0.75,0.1,24.50459585337526,406.0351926204884,516.9011442605083,5087.0,0,6.03509161243546
Germany_15min,evaluation,0.5,0.75,0.2,12.507918042584354,406.0351926204884,1013.1606139271694,5087.0,0,3.080500968859419
Germany_15min,evaluation,0.5,0.75,0.4,10.605544586591805,406.0351926204884,2028.5938007469954,5087.0,0,2.61197669052903
Germany_15min,evaluation,1.0,0.25,0.0,22.425786842601468,135.34506420682013,20.476169365627054,5087.0,0,16.5693422024853
Germany_15min,evaluation,1.0,0.25,0.025,0.2569191217116845,135.34506420682013,124.11986279971151,5087.0,0,0.18982526124416896
Germany_15min,evaluation,1.0,0.25,0.05,3.795739275268167e-10,135.34506420682013,251.2469277262605,5087.0,0,2.8044903576741567e-10
Germany_15min,evaluation,1.0,0.25,0.1,3.82096448277073e-10,135.34506420682013,505.75272076624805,5087.0,0,2.823128058022074e-10
Germany_15min,evaluation,1.0,0.25,0.2,3.8121578555226516e-10,135.34506420682013,1014.4694894951041,5087.0,0,2.8166212620042885e-10
Germany_15min,evaluation,1.0,0.25,0.4,3.8121578555226516e-10,135.34506420682013,2031.869489495104,5087.0,0,2.8166212620042885e-10
Germany_15min,evaluation,1.0,0.5,0.0,51.68487606046312,270.69012841364025,48.70761657214824,5087.0,0,19.09374248826825
Germany_15min,evaluation,1.0,0.5,0.025,15.069309078542005,270.69012841364025,136.69795786949862,5087.0,0,5.566996168960646
Germany_15min,evaluation,1.0,0.5,0.05,4.24585159995622,270.69012841364025,252.3053082175153,5087.0,0,1.568528422088653
Germany_15min,evaluation,1.0,0.5,0.1,0.4617085820584059,270.69012841364025,503.003623657347,5087.0,0,0.17056720345297238
Germany_15min,evaluation,1.0,0.5,0.2,3.7706244705778824e-10,270.69012841364025,1011.5054415324896,5087.0,0,1.392967114344122e-10
Germany_15min,evaluation,1.0,0.5,0.4,3.7764446555168665e-10,270.69012841364025,2028.938978990209,5087.0,0,1.395117242600772e-10
Germany_15min,evaluation,1.0,0.75,0.0,86.91513697995426,406.0351926204884,81.97259557243319,5087.0,0,21.40581372245529
Germany_15min,evaluation,1.0,0.75,0.025,42.20658578618331,406.0351926204884,160.82070389470024,5087.0,0,10.394809748827074
Germany_15min,evaluation,1.0,0.75,0.05,21.733325566780092,406.0351926204884,265.92310040160555,5087.0,0,5.352571885830035
Germany_15min,evaluation,1.0,0.75,0.1,8.690504175278223,406.0351926204884,506.5938446736526,5087.0,0,2.140332742881486
Germany_15min,evaluation,1.0,0.75,0.2,2.3518914739136547,406.0351926204884,1009.1008622767012,5087.0,0,0.579233405541749
Germany_15min,evaluation,1.0,0.75,0.4,1.7383760097967853,406.0351926204884,2025.949523933565,5087.0,0,0.42813431973164084
Germany_15min,evaluation,2.0,0.25,0.0,19.090973565548808,135.34506420682013,16.357530373864222,5087.0,0,14.105408037914101
Germany_15min,evaluation,2.0,0.25,0.025,7.27289247288504e-10,135.34506420682013,123.83934365384957,5087.0,0,5.373592687333887e-10
Germany_15min,evaluation,2.0,0.25,0.05,7.54502561331562e-10,135.34506420682013,251.2469277262447,5087.0,0,5.574658859953773e-10
Germany_15min,evaluation,2.0,0.25,0.1,7.586304929808062e-10,135.34506420682013,505.75272076624765,5087.0,0,5.605158174231952e-10
Germany_15min,evaluation,2.0,0.25,0.2,7.609877530920373e-10,135.34506420682013,1014.4694894951081,5087.0,0,5.622574842693751e-10
Germany_15min,evaluation,2.0,0.25,0.4,7.609877530920373e-10,135.34506420682013,2031.8694894951082,5087.0,0,5.622574842693751e-10
Germany_15min,evaluation,2.0,0.5,0.0,44.851573685202936,270.69012841364025,40.95233873125411,5087.0,0,16.5693422024853
Germany_15min,evaluation,2.0,0.5,0.025,9.115960936953103,270.69012841364025,130.23515213439768,5087.0,0,3.3676739489454333
Germany_15min,evaluation,2.0,0.5,0.05,0.513838243423369,270.69012841364025,248.23972559942302,5087.0,0,0.18982526124416896
Germany_15min,evaluation,2.0,0.5,0.1,7.591478550536334e-10,270.69012841364025,502.493855452521,5087.0,0,2.8044903576741567e-10
Germany_15min,evaluation,2.0,0.5,0.2,7.64192896554146e-10,270.69012841364025,1011.5054415324961,5087.0,0,2.823128058022074e-10
Germany_15min,evaluation,2.0,0.5,0.4,7.624315711045303e-10,270.69012841364025,2028.9389789902082,5087.0,0,2.8166212620042885e-10
Germany_15min,evaluation,2.0,0.75,0.0,73.1989958821596,406.0351926204884,68.24501254228261,5087.0,0,18.027746661501087
Germany_15min,evaluation,2.0,0.75,0.025,29.427799644902073,406.0351926204884,148.64492049038284,5087.0,0,7.247598282055209
Germany_15min,evaluation,2.0,0.75,0.05,10.748805306974907,406.0351926204884,255.74795290833546,5087.0,0,2.6472595238860404
Germany_15min,evaluation,2.0,0.75,0.1,1.4320667064881214,406.0351926204884,500.3781361542897,5087.0,0,0.3526952176844042
Germany_15min,evaluation,2.0,0.75,0.2,7.61804213725641e-10,406.0351926204884,1008.2671605100619,5087.0,0,1.8762024267134932e-10
Germany_15min,evaluation,2.0,0.75,0.4,7.616910359509877e-10,406.0351926204884,2025.7882710506021,5087.0,0,1.875923687883189e-10
Germany_15min,evaluation,4.0,0.25,0.0,16.61530777895486,135.34506420682013,12.706577355249218,5087.0,0,12.276256896642415
Germany_15min,evaluation,4.0,0.25,0.025,1.4673392088731623e-09,135.34506420682013,123.83934365386584,5087.0,0,1.0841468194443562e-09
Germany_15min,evaluation,4.0,0.25,0.05,1.5130668839134998e-09,135.34506420682013,251.24692772626503,5087.0,0,1.117932813273035e-09
Germany_15min,evaluation,4.0,0.25,0.1,1.5113690763509272e-09,135.34506420682013,505.7527207662639,5087.0,0,1.1166783844007873e-09
Germany_15min,evaluation,4.0,0.25,0.2,1.5215468858304698e-09,135.34506420682013,1014.4694894951322,5087.0,0,1.1241982814426107e-09
Germany_15min,evaluation,4.0,0.25,0.4,1.5215468858304698e-09,135.34506420682013,2031.8694894951325,5087.0,0,1.1241982814426107e-09
Germany_15min,evaluation,4.0,0.5,0.0,38.181947131097616,270.69012841364025,32.715060747728444,5087.0,0,14.105408037914101
Germany_15min,evaluation,4.0,0.5,0.025,4.5027050140457945,270.69012841364025,125.21852629638332,5087.0,0,1.6634167785997847
Germany_15min,evaluation,4.0,0.5,0.05,1.454578494577008e-09,270.69012841364025,247.67868730769914,5087.0,0,5.373592687333887e-10
Germany_15min,evaluation,4.0,0.5,0.1,1.509005122663124e-09,270.69012841364025,502.4938554524894,5087.0,0,5.574658859953773e-10
Germany_15min,evaluation,4.0,0.5,0.2,1.5172609859616125e-09,270.69012841364025,1011.5054415324953,5087.0,0,5.605158174231952e-10
Germany_15min,evaluation,4.0,0.5,0.4,1.5219755061840746e-09,270.69012841364025,2028.9389789902161,5087.0,0,5.622574842693751e-10
Germany_15min,evaluation,4.0,0.75,0.0,63.325949437319245,406.0351926204884,56.5861571175331,5087.0,0,15.596172594947584
Germany_15min,evaluation,4.0,0.75,0.025,21.123714269479095,406.0351926204884,139.68793041462285,5087.0,0,5.202434334115206
Germany_15min,evaluation,4.0,0.75,0.05,4.144419789394268,406.0351926204884,248.55142705638218,5087.0,0,1.0207045755435196
Germany_15min,evaluation,4.0,0.75,0.1,1.4948122644712206e-09,406.0351926204884,498.8152019495605,5087.0,0,3.6814844910953003e-10
Germany_15min,evaluation,4.0,0.75,0.2,1.5171352129749463e-09,406.0351926204884,1008.267160510079,5087.0,0,3.736462357323241e-10
Germany_15min,evaluation,4.0,0.75,0.4,1.522074549097876e-09,406.0351926204884,2025.7882710506206,5087.0,0,3.748627155381883e-10
Germany_15min,evaluation,8.0,0.25,0.0,14.810337680393777,135.34506420682013,8.722454798468737,5087.0,0,10.942650747693445
Germany_15min,evaluation,8.0,0.25,0.025,2.9296256610972766e-09,135.34506420682013,123.83934365384378,5087.0,0,2.164560398464572e-09
Germany_15min,evaluation,8.0,0.25,0.05,3.034328265666266e-09,135.34506420682013,251.2469277262834,5087.0,0,2.2419201493964523e-09
Germany_15min,evaluation,8.0,0.25,0.1,3.043768969458506e-09,135.34506420682013,505.75272076622815,5087.0,0,2.2488954342711294e-09
Germany_15min,evaluation,8.0,0.25,0.2,3.0307340731986103e-09,135.34506420682013,1014.4694894951011,5087.0,0,2.2392645723432962e-09
Germany_15min,evaluation,8.0,0.25,0.4,3.0307340731986103e-09,135.34506420682013,2031.8694894951016,5087.0,0,2.2392645723432962e-09
Germany_15min,evaluation,8.0,0.5,0.0,33.23061555790972,270.69012841364025,25.413154710498436,5087.0,0,12.276256896642415
Germany_15min,evaluation,8.0,0.5,0.025,1.5132106518222126,270.69012841364025,121.96754710123184,5087.0,0,0.5590195182551625
Germany_15min,evaluation,8.0,0.5,0.05,2.9346784177463245e-09,270.69012841364025,247.67868730773168,5087.0,0,1.0841468194443562e-09
Germany_15min,evaluation,8.0,0.5,0.1,3.0261337678269996e-09,270.69012841364025,502.49385545253006,5087.0,0,1.117932813273035e-09
Germany_15min,evaluation,8.0,0.5,0.2,3.0227381527018544e-09,270.69012841364025,1011.5054415325278,5087.0,0,1.1166783844007873e-09
Germany_15min,evaluation,8.0,0.5,0.4,3.0430937716609395e-09,270.69012841364025,2028.9389789902643,5087.0,0,1.1241982814426107e-09
Germany_15min,evaluation,8.0,0.75,0.0,54.17375164191088,406.0351926204884,44.706738957081846,5087.0,0,13.342132067982055
Germany_15min,evaluation,8.0,0.75,0.025,14.048424003612555,406.0351926204884,131.15493377772984,5087.0,0,3.459903047552651
Germany_15min,evaluation,8.0,0.75,0.05,0.7883562557452042,406.0351926204884,244.8822136663795,5087.0,0,0.19415958765969885
Germany_15min,evaluation,8.0,0.75,0.1,2.996224711709675e-09,406.0351926204884,498.8152019495675,5087.0,0,7.379224180969398e-10
Germany_15min,evaluation,8.0,0.75,0.2,3.0493854487972953e-09,406.0351926204884,1008.2671605100271,5087.0,0,7.510150608170275e-10
Germany_15min,evaluation,8.0,0.75,0.4,3.06361895725771e-09,406.0351926204884,2025.788271050597,5087.0,0,7.545205472179855e-10
