day,capacity,model,pred,actual,native_loss_mwh,predicted_loss_mwh,baseline_charge_mwh,hydrogen_mwh,reserve_request_mwh,maximum_state_error_mwh,fallback_quarters
2025-01-01,0.25,native,0.1456937532639745,0.1456937532639745,0.35749999376347025,0.35749999376347025,0.0767343779126283,11.923265622087376,1.945745733020641,0.0,0
2025-01-02,0.25,native,0.15565690212958175,0.15565690212958175,0.4142027861770042,0.4142027861770042,-0.7796495755583814,12.77964957555838,1.901941451622388,0.0,0
2025-01-03,0.25,native,0.008164067931771815,0.008164067931771815,1.1266216730631917,1.1266216730631917,-0.7824977608723568,12.782497760872355,3.5610394474375986,0.0,0
2025-01-04,0.25,native,0.13051419765472058,0.13051419765472058,3.669641621582316e-13,3.669641621582316e-13,0.16058889576642657,11.839411104233578,0.6697716521064773,0.0,0
2025-01-05,0.25,native,0.12491257253452989,0.12491257253452989,0.5388331689819534,0.5388331689819534,0.13331829407031712,11.86668170592968,2.4591739349391877,0.0,0
2025-01-06,0.25,native,0.14226057874350817,0.14226057874350817,0.06213065428926312,0.06213065428926312,-0.5180629104010306,12.51806291040103,1.7014321477196377,0.0,0
2025-01-07,0.25,native,0.09510996862764708,0.09510996862764708,0.11744913841020069,0.11744913841020069,0.7369341454326459,11.263065854567353,1.9235568626447777,0.0,0
2025-01-01,0.25,minute,0.14576003005515709,0.14452456459235458,0.35714784232483726,0.35710230439229484,0.07524136241408194,11.924758637585917,1.945745733020641,0.0012354654628025097,0
2025-01-02,0.25,minute,0.15570797557438676,0.15529754597514528,0.4125655437111109,0.4144982275984224,-0.7809405788453356,12.780940578845339,1.901941451622388,0.0015931923752793564,0
2025-01-03,0.25,minute,0.008178678893561053,0.0081744548469149,1.1263778275356415,1.1258510746269799,-0.7836814959872798,12.783681495987281,3.5610394474375986,0.0010042288725056747,0
2025-01-04,0.25,minute,0.1305238683989733,0.12962909406869555,3.967022406593744e-13,6.2787699290650374e-15,0.15965942220256205,11.840340577797436,0.6697716521064773,0.0008947743302816225,0
2025-01-05,0.25,minute,0.12494628779139319,0.12488061988529807,0.5384421804666575,0.5373768200866929,0.13180019082806674,11.868199809171935,2.4591739349391877,0.0009631902691768536,0
2025-01-06,0.25,minute,0.1423425921401105,0.14005953669453455,0.061971503168224154,0.0620592848560528,-0.5204140387534785,12.520414038753474,1.7014321477196377,0.0022830554455759433,0
2025-01-07,0.25,minute,0.09518727471876623,0.09462547436052682,0.12010279330545957,0.11647051773877196,0.7358491248160782,11.26415087518392,1.9235568626447777,0.002883538765477013,0
2025-01-01,0.25,5minute,0.1459362199680138,0.14077402611042367,0.3585871725230297,0.3538066205824082,0.07322447784581768,11.926775522154179,1.945745733020641,0.005162193857590119,0
2025-01-02,0.25,5minute,0.15589296877512485,0.15375638054226998,0.404758863220905,0.41144821093335315,-0.7890133852839443,12.789013385283944,1.901941451622388,0.006810149163952645,0
2025-01-03,0.25,5minute,0.00817867889356105,0.0081744548469149,1.1263942716204274,1.1213390908271748,-0.788071982101267,12.788071982101268,3.5610394474375986,0.006195362950361577,0
2025-01-04,0.25,5minute,0.1305375083500185,0.12793335036898051,3.8768490464439086e-13,1.2443038226664595e-15,0.15792409594162432,11.84207590405838,0.6697716521064773,0.0026041579810379967,0
2025-01-05,0.25,5minute,0.12495000238192876,0.12525426185455765,0.5372639669355042,0.5330902241117126,0.12962922152351491,11.87037077847649,2.4591739349391877,0.00293477714521434,0
2025-01-06,0.25,5minute,0.14261222429543546,0.1268871919910968,0.06201492479447424,0.05670565407676858,-0.5327464211246737,12.532746421124676,1.7014321477196377,0.015725032304338665,0
2025-01-07,0.25,5minute,0.09538015104962423,0.09301713576914741,0.1329715926094567,0.11123546557644653,0.7337815750413077,11.266218424958685,1.9235568626447777,0.01800473331931795,0
2025-01-01,0.25,quarter,0.1463395057132641,0.13416734437461902,0.35499101576781217,0.3546779750654465,0.06321357803416716,11.93678642196583,1.945745733020641,0.012172161338645071,0
2025-01-02,0.25,quarter,0.15623278454181866,0.16423459251175584,0.38784514217954924,0.3836462670929954,-0.7992304154027817,12.799230415402777,1.901941451622388,0.01685462326425996,0
2025-01-03,0.25,quarter,0.005092221112087552,0.009234695472036604,1.1410482294771527,1.1023621435897595,-0.812520343254101,12.8125203432541,3.5610394474375986,0.021893691661328735,0
2025-01-04,0.25,quarter,0.13059747429786225,0.12848758136705657,4.395986872431206e-13,4.434115834922592e-16,0.15739102850135975,11.842608971498644,0.6697716521064773,0.004142474359948786,0
2025-01-05,0.25,quarter,0.12506706776233312,0.12497873731379787,0.5248925151709005,0.5184823683090285,0.10731115619638018,11.892688843803624,2.4591739349391877,0.02175227177507505,0
2025-01-06,0.25,quarter,0.14310299781814392,0.0780571279553577,0.06009305657364332,0.02480917783751156,-0.5817846456917538,12.581784645691757,1.7014321477196377,0.06504586986278622,0
2025-01-07,0.25,quarter,0.09587533710811817,0.09050951970577092,0.17554009767607506,0.0976408189691261,0.7351584629309693,11.264841537069026,1.9235568626447777,0.06834947856058592,0
2025-01-01,0.25,gross,0.14569375337178508,0.14538097952430265,0.36057526177334703,0.0,0.07998777208022535,11.920012227919777,1.945745733020641,0.0031321662482875767,0
2025-01-02,0.25,gross,0.15565654774851195,0.16819519819961945,0.4034668794128743,0.0,-0.7872809675633283,12.787280967563326,1.901941451622388,0.013594458623624073,0
2025-01-03,0.25,gross,0.004479295653360986,0.009234695472036604,1.1355760082789057,0.0,-0.7961326867089105,12.796132686708914,3.5610394474375986,0.01253865045110339,0
2025-01-04,0.25,gross,0.13051419765471445,0.13526959747336842,4.72032846474498e-13,0.0,0.1644188759579952,11.835581124042008,0.6697716521064773,0.0047553998186803115,0
2025-01-05,0.25,gross,0.12485070930688624,0.12561882080219977,0.5266344861688189,0.0,0.12103026683796493,11.87896973316203,2.4591739349391877,0.02065273327771061,0
2025-01-06,0.25,gross,0.14226057876874773,0.10841637346658625,0.0626277429431429,0.0,-0.5491465597292651,12.549146559729266,1.7014321477196377,0.033844205302163116,0
2025-01-07,0.25,gross,0.0951098980825734,0.09554649162969428,0.13667366056697844,0.0,0.751086466839502,11.248913533160497,1.9235568626447777,0.03384420530216389,0
2025-01-01,0.25,envelope,0.14569375326397518,0.14569375326398065,0.3574999937634665,0.35749999376346825,0.07673437791262805,11.923265622087376,1.945745733020641,1.27675647831893e-14,10
2025-01-02,0.25,envelope,0.15565690212958105,0.1556569021295737,0.4142027861769908,0.4142027861768659,-0.7796495755583824,12.779649575558379,1.901941451622388,2.4980018054066022e-14,9
2025-01-03,0.25,envelope,0.008164067931771815,0.008164067931771815,1.1266216730631704,1.1266216730630838,-0.7824977608723679,12.782497760872364,3.5610394474375986,2.7949864644938316e-14,24
2025-01-04,0.25,envelope,0.13051419765472208,0.1305141976547419,3.649460273383124e-13,0.0,0.16058889576646823,11.839411104233534,0.6697716521064773,3.211320098728265e-14,0
2025-01-05,0.25,envelope,0.12491257253452828,0.12491257253453214,0.538833168981971,0.5388331689818262,0.13331829407031393,11.866681705929684,2.4591739349391877,1.9095836023552692e-14,15
2025-01-06,0.25,envelope,0.14226057874351047,0.14226057874350354,0.062130654289270795,0.06213065428880817,-0.5180629104010293,12.518062910401033,1.7014321477196377,1.6736612096224235e-14,4
2025-01-07,0.25,envelope,0.09510996862764728,0.0951099686276395,0.11744913841018702,0.11744913840997144,0.7369341454326427,11.26306585456735,1.9235568626447777,1.1962653090336062e-14,10
2025-01-01,1.0,native,0.5206937715701155,0.5206937715701155,1.7787842883477033e-12,1.7787842883477033e-12,0.3130392228272111,11.686960777172791,1.945745733020641,0.0,0
2025-01-02,1.0,native,0.5306556877670952,0.5306556877670952,2.253282509238336e-12,2.253282509238336e-12,-1.0629676534110994,13.062967653411102,1.901941451622388,0.0,0
2025-01-03,1.0,native,0.2699266144020999,0.2699266144020999,1.8969545698620695e-12,1.8969545698620695e-12,-0.747557884507062,12.747557884507058,3.5610394474375986,0.0,0
2025-01-04,1.0,native,0.5055141976545084,0.5055141976545084,1.4931815438074973e-12,1.4931815438074973e-12,0.2783142136183633,11.721685786381634,0.6697716521064773,0.0,0
2025-01-05,1.0,native,0.4988442032283821,0.4988442032283821,1.6610240226278215e-12,1.6610240226278215e-12,-0.1502337426699682,12.150233742669965,2.4591739349391877,0.0,0
2025-01-06,1.0,native,0.5172605787750455,0.5172605787750455,2.0857639636346148e-12,2.0857639636346148e-12,-0.5643645780349504,12.564364578034953,1.7014321477196377,0.0,0
2025-01-07,1.0,native,0.4701068219721085,0.4701068219721085,1.5671541960934217e-12,1.5671541960934217e-12,0.8644813716599707,11.135518628340026,1.9235568626447777,0.0,0
2025-01-01,1.0,minute,0.5207600483272651,0.5192692263174862,1.7011985908430616e-12,2.8616799188192877e-14,0.3116110672830291,11.688388932716963,1.945745733020641,0.0014908220097789027,0
2025-01-02,1.0,minute,0.5307067729534765,0.5272745823140467,2.1303129829412995e-12,3.639999543100806e-14,-1.064871629152706,13.0648716291527,1.901941451622388,0.0034321906394297885,0
2025-01-03,1.0,minute,0.2701028398353965,0.26475493527917215,1.8986418947486236e-12,3.2114034919453604e-14,-0.7493198287703525,12.749319828770352,3.5610394474375986,0.005347904556224359,0
2025-01-04,1.0,minute,0.5055238683987398,0.4992574935727277,1.4035246071943104e-12,2.457857723545459e-14,0.2771865366755795,11.722813463324414,0.6697716521064773,0.0062663748260120555,0
2025-01-05,1.0,minute,0.49887991281826555,0.4910773603689775,1.600993195296066e-12,2.849221876815684e-14,-0.15174655698597392,12.151746556985975,2.4591739349391877,0.007802552449288069,0
2025-01-06,1.0,minute,0.5173425921726815,0.5069298356951186,1.9331052245430365e-12,3.5957168413187007e-14,-0.5668748565833637,12.56687485658336,1.7014321477196377,0.010412756477562901,0
2025-01-07,1.0,minute,0.47018421019464657,0.4576993242704391,1.4931006902666093e-12,2.6390704897374823e-14,0.8624016875169395,11.137598312483064,1.9235568626447777,0.01248488592420749,0
2025-01-01,1.0,5minute,0.520936238860779,0.5120844569095155,1.613690490324113e-12,5.634456953560661e-15,0.30436540849699256,11.695634591503012,1.945745733020641,0.00885178195126346,0
2025-01-02,1.0,5minute,0.5308917125860131,0.5140352201486024,2.015657848156525e-12,7.071812572744902e-15,-1.0707644595519366,13.070764459551937,1.901941451622388,0.01685649243741072,0
2025-01-03,1.0,5minute,0.2704469864650745,0.26017241801070456,0.013665045470635273,6.358005484943808e-15,-0.755087657624712,12.755087657624708,3.5610394474375986,0.023598742256356775,0
2025-01-04,1.0,5minute,0.5055375083498014,0.49248866670618613,1.4352640224940781e-12,5.084603777668333e-15,0.27494323013450467,11.725056769865498,0.6697716521064773,0.013048841643627629,0
2025-01-05,1.0,5minute,0.49897597253080667,0.4789080815507269,1.5521524831721171e-12,5.618927451505702e-15,-0.1571472671115539,12.15714726711155,2.4591739349391877,0.020067890980079772,0
2025-01-06,1.0,5minute,0.5176122243281222,0.4845517415516572,1.7112269150414935e-12,7.008700712533615e-15,-0.5768332179337324,12.576833217933734,1.7014321477196377,0.03306048277646495,0
2025-01-07,1.0,5minute,0.47037713224492017,0.42704569760166,1.3329893443974667e-12,5.2160876168096615e-15,0.8541010268090065,11.145898973190995,1.9235568626447777,0.04333143464326017,0
2025-01-01,1.0,quarter,0.5213395236795422,0.5005057498996455,1.61558263231903e-12,1.904889006948407e-15,0.2927083219403631,11.707291678059638,1.945745733020641,0.020833773779896703,0
2025-01-02,1.0,quarter,0.531231927111453,0.49081863025092715,1.7624537402850929e-12,2.29981642453983e-15,-1.0822501307291703,13.08225013072917,1.901941451622388,0.040413296860525805,0
2025-01-03,1.0,quarter,0.27254239464419666,0.2584054388830378,0.04920741515234521,1.9569849213363355e-15,-0.7711185498306917,12.771118549830689,3.5610394474375986,0.06203589714248947,0
2025-01-04,1.0,quarter,0.5055974742976738,0.48493837397662154,1.4692008971843044e-12,1.7795010257004584e-15,0.2689227391431917,11.731077260856802,0.6697716521064773,0.020659100321061497,0
2025-01-05,1.0,quarter,0.4991120359728311,0.46210239285545707,1.514034203269887e-12,1.7233393531657093e-15,-0.1663459777484526,12.166345977748453,2.4591739349391877,0.037009643117374036,0
2025-01-06,1.0,quarter,0.518102997825568,0.44629435186316846,1.4487996207967464e-12,2.5526455948998716e-15,-0.5977447969363202,12.597744796936318,1.7014321477196377,0.07180864596239955,0
2025-01-07,1.0,quarter,0.47087243789789296,0.375676157687218,1.2007473097847818e-12,1.8419510708356235e-15,0.8409393790373079,11.159060620962695,1.9235568626447777,0.09519628021067494,0
2025-01-01,1.0,gross,0.5206937715701192,0.520693771570248,1.7747769027951724e-12,0.0,0.31303922282721364,11.686960777172786,1.945745733020641,1.4077627952246985e-13,0
2025-01-02,1.0,gross,0.5306556877671094,0.5306556877671122,2.2355155842675175e-12,0.0,-1.0629676534112995,13.062967653411302,1.901941451622388,1.6192602814157908e-13,0
2025-01-03,1.0,gross,0.26992661440209975,0.2699266144021783,1.907489867441692e-12,0.0,-0.7475578845069982,12.747557884506996,3.5610394474375986,8.892886427247504e-14,0
2025-01-04,1.0,gross,0.5055141976544828,0.5055141976546526,1.5167832540793617e-12,0.0,0.2783142136183795,11.721685786381618,0.6697716521064773,1.7974510768681284e-13,0
2025-01-05,1.0,gross,0.4988442032283911,0.49884420322862894,1.6535248267667604e-12,0.0,-0.15023374266987632,12.150233742669876,2.4591739349391877,2.5540680681501726e-13,0
2025-01-06,1.0,gross,0.5172605787750291,0.5172605787751935,2.0907682280981102e-12,0.0,-0.5643645780350669,12.564364578035066,1.7014321477196377,2.565725409908737e-13,0
2025-01-07,1.0,gross,0.47010682197210385,0.4701068219722771,1.5726628247892322e-12,0.0,0.8644813716599996,11.135518628339996,1.9235568626447777,1.8701706849810762e-13,0
2025-01-01,1.0,envelope,0.5206937715701192,0.520693771570248,1.7747769027951724e-12,0.0,0.31303922282721364,11.686960777172786,1.945745733020641,1.4077627952246985e-13,0
2025-01-02,1.0,envelope,0.5306556877671094,0.5306556877671122,2.2355155842675175e-12,0.0,-1.0629676534112995,13.062967653411302,1.901941451622388,1.6192602814157908e-13,0
2025-01-03,1.0,envelope,0.26992661440209975,0.2699266144021783,1.907489867441692e-12,0.0,-0.7475578845069982,12.747557884506996,3.5610394474375986,8.892886427247504e-14,0
2025-01-04,1.0,envelope,0.5055141976544828,0.5055141976546526,1.5167832540793617e-12,0.0,0.2783142136183795,11.721685786381618,0.6697716521064773,1.7974510768681284e-13,0
2025-01-05,1.0,envelope,0.4988442032283911,0.49884420322862894,1.6535248267667604e-12,0.0,-0.15023374266987632,12.150233742669876,2.4591739349391877,2.5540680681501726e-13,0
2025-01-06,1.0,envelope,0.5172605787750291,0.5172605787751935,2.0907682280981102e-12,0.0,-0.5643645780350669,12.564364578035066,1.7014321477196377,2.565725409908737e-13,0
2025-01-07,1.0,envelope,0.47010682197210385,0.4701068219722771,1.5726628247892322e-12,0.0,0.8644813716599996,11.135518628339996,1.9235568626447777,1.8701706849810762e-13,0
2025-01-01,2.0,native,1.0206937715701214,1.0206937715701214,3.529351008976754e-12,3.529351008976754e-12,0.31303922282696484,11.686960777173033,1.945745733020641,0.0,0
2025-01-02,2.0,native,1.0306556877671387,1.0306556877671387,4.286056877558798e-12,4.286056877558798e-12,-1.0629676534116335,13.06296765341163,1.901941451622388,0.0,0
2025-01-03,2.0,native,0.7699266144020936,0.7699266144020936,3.9389987030556296e-12,3.9389987030556296e-12,-0.747557884507118,12.747557884507122,3.5610394474375986,0.0,0
2025-01-04,2.0,native,1.0055141976545239,1.0055141976545239,3.0724237162537093e-12,3.0724237162537093e-12,0.27831421361826286,11.721685786381734,0.6697716521064773,0.0,0
2025-01-05,2.0,native,0.998844203228378,0.998844203228378,3.370816784347379e-12,3.370816784347379e-12,-0.15023374266973924,12.15023374266974,2.4591739349391877,0.0,0
2025-01-06,2.0,native,1.0172605787750078,1.0172605787750078,4.06127197919726e-12,4.06127197919726e-12,-0.5643645780351461,12.564364578035143,1.7014321477196377,0.0,0
2025-01-07,2.0,native,0.9701068219720902,0.9701068219720902,3.3054636694126923e-12,3.3054636694126923e-12,0.8644813716600439,11.135518628339959,1.9235568626447777,0.0,0
2025-01-01,2.0,minute,1.0207600483272656,1.019269226317434,3.5351644714805733e-12,5.868253338770993e-14,0.3116110672830305,11.688388932716967,1.945745733020641,0.0014908220098315272,0
2025-01-02,2.0,minute,1.0307067729534756,1.0272745823136886,4.338812348415174e-12,7.433805180942747e-14,-1.0648716291527118,13.06487162915271,1.901941451622388,0.0034321906397869473,0
2025-01-03,2.0,minute,0.7701028398353964,0.7647549352784827,3.987954926211827e-12,6.514530216632456e-14,-0.7493198287703492,12.749319828770348,3.5610394474375986,0.005347904556913696,0
2025-01-04,2.0,minute,1.00552386839874,0.999257493572077,2.9025823010713997e-12,5.1246975334198516e-14,0.27718653667557824,11.722813463324417,0.6697716521064773,0.006266374826662924,0
2025-01-05,2.0,minute,0.9988799128182658,0.9910773603681353,3.2474870307540346e-12,5.544517380211704e-14,-0.15174655698597336,12.151746556985975,2.4591739349391877,0.007802552450130507,0
2025-01-06,2.0,minute,1.0173425921726824,1.0069298356941603,3.964167077686519e-12,6.692378313848116e-14,-0.5668748565833626,12.566874856583357,1.7014321477196377,0.010412756478522134,0
2025-01-07,2.0,minute,0.9701842101946465,0.9576993242695362,3.1378707409809253e-12,5.390706067747605e-14,0.862401687516941,11.137598312483064,1.9235568626447777,0.012484885925110323,0
2025-01-01,2.0,5minute,1.020936238860779,1.012084456909767,3.288852366747088e-12,1.1778877998656608e-14,0.3043654084969927,11.695634591503012,1.945745733020641,0.008851781951012105,0
2025-01-02,2.0,5minute,1.030891712586013,1.0140352201489247,3.912150734472006e-12,1.4866462733885883e-14,-1.070764459551938,13.070764459551933,1.901941451622388,0.01685649243708842,0
2025-01-03,2.0,5minute,0.7704469864650746,0.7456351355970253,3.652889547881318e-12,1.2977281105911352e-14,-0.7550876576247114,12.755087657624708,3.5610394474375986,0.024811850868049268,0
2025-01-04,2.0,5minute,1.0055375083498015,0.9779513842923969,2.5223099669329315e-12,1.0368714351717456e-14,0.27494323013450306,11.725056769865498,0.6697716521064773,0.027586124057414785,0
2025-01-05,2.0,5minute,0.9989759725308066,0.9643707991369308,2.9568303991180597e-12,1.0919327598507788e-14,-0.15714726711155225,12.15714726711155,2.4591739349391877,0.03460517339387581,0
2025-01-06,2.0,5minute,1.017612224328122,0.9700144591378905,3.1899208707853624e-12,1.4585926551132533e-14,-0.5768332179337305,12.576833217933734,1.7014321477196377,0.04759776519023151,0
2025-01-07,2.0,5minute,0.9703771322449202,0.9125084151878281,2.3846376507958484e-12,1.0769095576228235e-14,0.8541010268090066,11.145898973190995,1.9235568626447777,0.05786871705709207,0
2025-01-01,2.0,quarter,1.0213395236795422,1.0005057498997685,3.2554583187468795e-12,3.8354736053847205e-15,0.2927083219403625,11.707291678059638,1.945745733020641,0.02083377377977369,0
2025-01-02,2.0,quarter,1.031231927111453,0.9908186302506684,3.4958738355110405e-12,4.804811333958964e-15,-1.0822501307291703,13.082250130729172,1.901941451622388,0.04041329686078454,0
2025-01-03,2.0,quarter,0.7725423946441968,0.7060571248922471,3.386775521416656e-12,4.163770023213331e-15,-0.771118549830692,12.771118549830689,3.5610394474375986,0.06648526975194968,0
2025-01-04,2.0,quarter,1.0055974742976737,0.9325900599854768,2.5355396097672668e-12,3.123125673007432e-15,0.26892273914319137,11.7310772608568,0.6697716521064773,0.07300741431220414,0
2025-01-05,2.0,quarter,0.9991120359728312,0.9097540788641376,2.935038851046699e-12,3.793569191418156e-15,-0.16634597774845242,12.16634597774845,2.4591739349391877,0.08935795710869354,0
2025-01-06,2.0,quarter,1.018102997825568,0.8939460378718631,2.558329251637779e-12,4.405628422840535e-15,-0.5977447969363198,12.597744796936318,1.7014321477196377,0.1241569599537049,0
2025-01-07,2.0,quarter,0.9708724378978929,0.8233278436959335,2.440623258589481e-12,3.1467341753133038e-15,0.8409393790373086,11.159060620962693,1.9235568626447777,0.14754459420195942,0
2025-01-01,2.0,gross,1.0206937715701192,1.020693771570317,3.5119313293956425e-12,0.0,0.31303922282721297,11.686960777172786,1.945745733020641,2.09277040141842e-13,0
2025-01-02,2.0,gross,1.0306556877671094,1.0306556877674786,4.36670397785467e-12,0.0,-1.0629676534112993,13.0629676534113,1.901941451622388,4.04343225568482e-13,0
2025-01-03,2.0,gross,0.7699266144020996,0.7699266144025807,3.941839412611131e-12,0.0,-0.7475578845069984,12.747557884506994,3.5610394474375986,4.879430193227563e-13,0
2025-01-04,2.0,gross,1.0055141976544828,1.0055141976550657,3.1104060959408693e-12,0.0,0.27831421361837905,11.721685786381617,0.6697716521064773,6.441513988875158e-13,0
2025-01-05,2.0,gross,0.9988442032283912,0.9988442032288963,3.390381627091302e-12,0.0,-0.1502337426698766,12.150233742669874,2.4591739349391877,6.443734434924409e-13,0
2025-01-06,2.0,gross,1.017260578775029,1.017260578775496,4.056108600818303e-12,0.0,-0.5643645780350677,12.564364578035066,1.7014321477196377,5.769829058976939e-13,0
2025-01-07,2.0,gross,0.970106821972104,0.9701068219725194,3.3135903884354537e-12,0.0,0.8644813716599996,11.13551862834,1.9235568626447777,5.027089855502709e-13,0
2025-01-01,2.0,envelope,1.0206937715701192,1.020693771570317,3.5119313293956425e-12,0.0,0.31303922282721297,11.686960777172786,1.945745733020641,2.09277040141842e-13,0
2025-01-02,2.0,envelope,1.0306556877671094,1.0306556877674786,4.36670397785467e-12,0.0,-1.0629676534112993,13.0629676534113,1.901941451622388,4.04343225568482e-13,0
2025-01-03,2.0,envelope,0.7699266144020996,0.7699266144025807,3.941839412611131e-12,0.0,-0.7475578845069984,12.747557884506994,3.5610394474375986,4.879430193227563e-13,0
2025-01-04,2.0,envelope,1.0055141976544828,1.0055141976550657,3.1104060959408693e-12,0.0,0.27831421361837905,11.721685786381617,0.6697716521064773,6.441513988875158e-13,0
2025-01-05,2.0,envelope,0.9988442032283912,0.9988442032288963,3.390381627091302e-12,0.0,-0.1502337426698766,12.150233742669874,2.4591739349391877,6.443734434924409e-13,0
2025-01-06,2.0,envelope,1.017260578775029,1.017260578775496,4.056108600818303e-12,0.0,-0.5643645780350677,12.564364578035066,1.7014321477196377,5.769829058976939e-13,0
2025-01-07,2.0,envelope,0.970106821972104,0.9701068219725194,3.3135903884354537e-12,0.0,0.8644813716599996,11.13551862834,1.9235568626447777,5.027089855502709e-13,0
