day,baseline,seconds,blocks,delta_optimism_mwh,span_underestimate_mean_mwh,span_underestimate_max_mwh,native_throughput_mwh,omitted_throughput_mwh
2025-01-01,-0.25,1,96,0.0,0.0,0.0,6.426978538053525,0.0
2025-01-01,-0.25,60,96,0.0010775556382968416,3.1259411181756456e-05,0.000912267451356169,6.426978538053525,0.01740381958798584
2025-01-01,-0.25,300,96,0.004034594036361586,0.00013211081885159954,0.004780555746275533,6.426978538053525,0.0651635462921257
2025-01-01,-0.25,900,96,0.010546311449171829,0.0006911308233273229,0.02003193646439761,6.426978538053525,0.17033561447153325
2025-01-01,0.0,1,96,0.0,0.0,0.0,1.9457457330208896,0.0
2025-01-01,0.0,60,96,0.00021240623504057836,8.534226001776897e-06,0.00010492316659323209,1.9457457330208896,0.003430616167341125
2025-01-01,0.0,300,96,0.003420605105215706,0.00020872687298103586,0.0036268360192520006,1.9457457330208896,0.05524688657910361
2025-01-01,0.0,900,96,0.010711599919320143,0.0007676371286201225,0.01671010446700168,1.9457457330208896,0.17300522206463892
2025-01-01,0.25,1,96,0.0,0.0,0.0,6.367672205599584,0.0
2025-01-01,0.25,60,96,0.0006255852021143787,1.648859524696346e-05,0.0005749157690833236,6.367672205599584,0.010103953435849664
2025-01-01,0.25,300,96,0.0034224143416813485,0.00021090688261259585,0.00778755719854529,6.367672205599584,0.055276107923697526
2025-01-01,0.25,900,96,0.006330999568522433,0.00044436154821741195,0.01805830743957694,6.367672205599584,0.10225325763556692
2025-01-02,-0.25,1,96,0.0,0.0,0.0,5.622432555585329,0.0
2025-01-02,-0.25,60,96,0.0014824200962272206,5.9997168470397824e-05,0.0018434518254370827,5.622432555585329,0.02394286753414843
2025-01-02,-0.25,300,96,0.008737759018430918,0.0005288994277571868,0.013255022420335827,5.622432555585329,0.14112531748039478
2025-01-02,-0.25,900,96,0.021820143286572044,0.0015321958387324002,0.04874633400845258,5.622432555585329,0.3524215582373118
2025-01-02,0.0,1,96,0.0,0.0,0.0,1.9019414516227604,0.0
2025-01-02,0.0,60,96,2.858013872944626e-05,1.4050201172671185e-06,5.308107175837985e-05,1.9019414516227604,0.00046160361522920264
2025-01-02,0.0,300,96,0.0006146768762488183,4.690028037644615e-05,0.0020041541390882073,1.9019414516227604,0.009927770853514832
2025-01-02,0.0,900,96,0.0028929895133573895,0.00022726122785570176,0.014107551125447211,1.9019414516227604,0.04672526018138433
2025-01-02,0.25,1,96,0.0,0.0,0.0,7.337771529352754,0.0
2025-01-02,0.25,60,96,0.0003354182893720477,1.1805233726192881e-05,0.0004969794195313904,7.337771529352754,0.005417408796830534
2025-01-02,0.25,300,96,0.002127816767531921,8.2960619483518e-05,0.004725703804319248,7.337771529352754,0.03436680002483729
2025-01-02,0.25,900,96,0.0055658977546932005,0.0003759584654374919,0.014573072321705299,7.337771529352754,0.08989594311644523
2025-01-03,-0.25,1,96,0.0,0.0,0.0,6.18202929592488,0.0
2025-01-03,-0.25,60,96,0.0012874911075028486,3.739317580268897e-05,0.0003691963680687721,6.18202929592488,0.020794529915509303
2025-01-03,-0.25,300,96,0.009102832258363159,0.0004475441532028743,0.005157799411869415,6.18202929592488,0.14702168939675955
2025-01-03,-0.25,900,96,0.020420534041339193,0.0014102146841058207,0.032054530241499325,6.18202929592488,0.32981618554791736
2025-01-03,0.0,1,96,0.0,0.0,0.0,3.561039447437939,0.0
2025-01-03,0.0,60,96,0.0002940465409882809,1.522375149986679e-05,0.0003602504142226799,3.561039447437939,0.004749205301262683
2025-01-03,0.0,300,96,0.0032815787642386583,0.0001802931954332917,0.007126856558238378,3.561039447437939,0.053001443958570794
2025-01-03,0.0,900,96,0.009679947507522137,0.0007089986422445558,0.018455824897876855,3.561039447437939,0.1563427947951089
2025-01-03,0.25,1,96,0.0,0.0,0.0,7.776269586751759,0.0
2025-01-03,0.25,60,96,0.0006926243739716325,2.104159910495105e-05,0.0008020645186273684,7.776269586751759,0.011186716692752553
2025-01-03,0.25,300,96,0.0032664015633342564,9.040160469952346e-05,0.0023941036669960294,7.776269586751759,0.0527563139092575
2025-01-03,0.25,900,96,0.008711763956948169,0.0005490108010540788,0.018783011213719787,7.776269586751759,0.14070546597106715
2025-01-04,-0.25,1,96,0.0,0.0,0.0,6.021770441609316,0.0
2025-01-04,-0.25,60,96,0.00023759199839895433,1.45582839449955e-05,0.0007600084616697159,6.021770441609316,0.003837396538828197
2025-01-04,-0.25,300,96,0.001696087993409064,0.00010855355061189515,0.002721142311871469,6.021770441609316,0.027393861063047663
2025-01-04,-0.25,900,96,0.0028040156490977044,0.00017304197673508796,0.006366270167332658,6.021770441609316,0.04528822526145455
2025-01-04,0.0,1,96,0.0,0.0,0.0,0.6697716521066164,0.0
2025-01-04,0.0,60,96,3.7453061257964205e-05,2.711860714975827e-06,0.00021025440675963292,0.6697716521066164,0.0006049119859579413
2025-01-04,0.0,300,96,8.968066788180002e-05,3.930488352119089e-06,0.00021019489753931753,0.6697716521066164,0.0014484506496418058
2025-01-04,0.0,900,96,0.00014487077401731196,8.493276835606105e-06,0.00021019489753932447,0.6697716521066164,0.0023398372435831294
2025-01-04,0.25,1,96,0.0,0.0,0.0,6.0811363627571415,0.0
2025-01-04,0.25,60,96,0.00019673246456013323,2.617681904261614e-06,0.0001678608828895936,6.0811363627571415,0.003177465921510237
2025-01-04,0.25,300,96,0.0014833790202117766,2.9867717837163525e-05,0.001399070578072134,6.0811363627571415,0.023958355308319294
2025-01-04,0.25,900,96,0.003567448195708667,0.00019466256350842844,0.01158021426627345,6.0811363627571415,0.05761857910500329
2025-01-05,-0.25,1,96,0.0,0.0,0.0,6.527367233011634,0.0
2025-01-05,-0.25,60,96,0.0008437744583986682,3.8134653912640864e-05,0.000620573379838632,6.527367233011634,0.013627972352505265
2025-01-05,-0.25,300,96,0.003444280565388491,0.00017050918883891892,0.003306324217301211,6.527367233011634,0.05562927373687794
2025-01-05,-0.25,900,96,0.00810646002920324,0.0005405592682010005,0.01507235336187384,6.527367233011634,0.13092907950983268
2025-01-05,0.0,1,96,0.0,0.0,0.0,2.4591739349391553,0.0
2025-01-05,0.0,60,96,0.00032568286589540187,1.427627965607673e-05,0.0007268086118484996,2.4591739349391553,0.005260169998980466
2025-01-05,0.0,300,96,0.0024426074525793103,0.00014171205743066762,0.003888916604304231,2.4591739349391553,0.0394510482031538
2025-01-05,0.0,900,96,0.008615238781237003,0.0006340711047841554,0.013315575900597343,2.4591739349391553,0.13914646828800195
2025-01-05,0.25,1,96,0.0,0.0,0.0,6.584989538927335,0.0
2025-01-05,0.25,60,96,0.00044615507942301027,2.178867207395393e-05,0.0010348442990836815,6.584989538927335,0.007205941144940073
2025-01-05,0.25,300,96,0.0035109639705466714,0.00023181218001338625,0.009119931646616942,6.584989538927335,0.05670629093284913
2025-01-05,0.25,900,96,0.009422708491865104,0.0007244537879212738,0.02521124032790917,6.584989538927335,0.15218807529778489
2025-01-06,-0.25,1,96,0.0,0.0,0.0,5.637653668015673,0.0
2025-01-06,-0.25,60,96,0.0019558791444030344,7.463336074655366e-05,0.0009906018276423859,5.637653668015673,0.031589800614525765
2025-01-06,-0.25,300,96,0.008371393819769767,0.0004577356136774957,0.00604298814435239,5.637653668015673,0.1352080788764633
2025-01-06,-0.25,900,96,0.016690125443573775,0.0011412052084308968,0.035759335737714816,5.637653668015673,0.26956559994820994
2025-01-06,0.0,1,96,0.0,0.0,0.0,1.701432147719797,0.0
2025-01-06,0.0,60,96,0.00032083630947017975,1.596149434240492e-05,0.0008854486045013835,1.701432147719797,0.005181892283540676
2025-01-06,0.0,300,96,0.0032302044111440593,0.00018408547856958615,0.004702977813809288,1.701432147719797,0.05217168636555812
2025-01-06,0.0,900,96,0.01426570846872062,0.0010589636297530954,0.026810792635414527,1.701432147719797,0.23040834983844521
2025-01-06,0.25,1,96,0.0,0.0,0.0,6.838398105981476,0.0
2025-01-06,0.25,60,96,0.0003227066999787198,1.678705971308319e-05,0.000766313197514655,6.838398105981476,0.005212101339477606
2025-01-06,0.25,300,96,0.002246290491466396,0.00014251798257629582,0.008944813682032808,6.838398105981476,0.036280293160757676
2025-01-06,0.25,900,96,0.0050108401654066605,0.0003549172761995497,0.022001098578422397,6.838398105981476,0.08093109545463761
2025-01-07,-0.25,1,96,0.0,0.0,0.0,6.866663267705619,0.0
2025-01-07,-0.25,60,96,0.0006598993433457392,3.4814334261362386e-05,0.0009742822863076858,6.866663267705619,0.01065816808878501
2025-01-07,-0.25,300,96,0.001662493109522968,7.669327145620846e-05,0.0011870876822967294,6.866663267705619,0.026851263281338814
2025-01-07,-0.25,900,96,0.005214836938803466,0.0003945934566366652,0.01671988140083068,6.866663267705619,0.0842258887027075
2025-01-07,0.0,1,96,0.0,0.0,0.0,1.9235568626448547,0.0
2025-01-07,0.0,60,96,0.0002878923507461501,1.0838614845139286e-05,0.000402717081520107,1.9235568626448547,0.004649807726831108
2025-01-07,0.0,300,96,0.0036654970529725883,0.0001760826141299956,0.005449184774935439,1.9235568626448547,0.059202186078940705
2025-01-07,0.0,900,96,0.012071310199304842,0.0008478515966397442,0.023879195269651057,1.9235568626448547,0.1949661784767464
2025-01-07,0.25,1,96,0.0,0.0,0.0,5.555271894969998,0.0
2025-01-07,0.25,60,96,0.001039355562407547,3.599216946787611e-05,0.0004537265843963245,5.555271894969998,0.016786842416604955
2025-01-07,0.25,300,96,0.00830179179480924,0.0003648071464656102,0.005354279870598687,5.555271894969998,0.13408392245883227
2025-01-07,0.25,900,96,0.015263433227044761,0.0009253538715719295,0.014477576724408359,5.555271894969998,0.24652280469768637
2025-01-08,-0.25,1,96,0.0,0.0,0.0,6.605083941446689,0.0
2025-01-08,-0.25,60,96,0.0010064549223416505,5.687375569661622e-05,0.001376939682629412,6.605083941446689,0.01625545750916747
2025-01-08,-0.25,300,96,0.0064322160202536964,0.0003179206983088996,0.008941601828098819,6.605083941446689,0.10388802506994546
2025-01-08,-0.25,900,96,0.0180717439622833,0.0012870991008580488,0.028204285255453578,6.605083941446689,0.29188040076595867
2025-01-08,0.0,1,96,0.0,0.0,0.0,2.2460649170586904,0.0
2025-01-08,0.0,60,96,0.0002028213848569813,4.150394963205055e-06,9.457220979686154e-05,2.2460649170586904,0.0032758093087361636
2025-01-08,0.0,300,96,0.0047594902279187445,0.00021055663485481727,0.002670274568817653,2.2460649170586904,0.07687149165371673
2025-01-08,0.0,900,96,0.018920796921170845,0.0013688321301829022,0.035122778079183924,2.2460649170586904,0.3055936272491979
2025-01-08,0.25,1,96,0.0,0.0,0.0,6.3754532846446,0.0
2025-01-08,0.25,60,96,0.0006780448196574136,2.6294872144198894e-05,0.0005910876045209165,6.3754532846446,0.010951239354925098
2025-01-08,0.25,300,96,0.0030563019074972644,0.00013661150637449344,0.0053063158729277325,6.3754532846446,0.04936295177020688
2025-01-08,0.25,900,96,0.008904702377044642,0.0006009723520476554,0.02041333700774163,6.3754532846446,0.14382165351203607
2025-01-09,-0.25,1,96,0.0,0.0,0.0,6.375967710310777,0.0
2025-01-09,-0.25,60,96,0.0009127720149421023,4.433350222886755e-05,0.00120260870471354,6.375967710310777,0.014742365877663012
2025-01-09,-0.25,300,96,0.004401406710092945,0.0002541134224395484,0.005826797545666066,6.375967710310777,0.07108801215673358
2025-01-09,-0.25,900,96,0.009188973306295098,0.0006825540184627892,0.013720387238593364,6.375967710310777,0.14841297092700795
2025-01-09,0.0,1,96,0.0,0.0,0.0,1.439381565134152,0.0
2025-01-09,0.0,60,96,8.426043984534985e-05,4.61672409972042e-06,0.0003543121669123059,1.439381565134152,0.0013609074476765085
2025-01-09,0.0,300,96,0.0006548157202818362,4.637127492348299e-05,0.002721212358822285,1.439381565134152,0.010576061461599274
2025-01-09,0.0,900,96,0.0035729773609576416,0.00029518585058013286,0.0075771328490209094,1.439381565134152,0.05770788177491874
2025-01-09,0.25,1,96,0.0,0.0,0.0,6.068350351521423,0.0
2025-01-09,0.25,60,96,0.0006279761751141692,1.812724388909685e-05,0.0003864121473973279,6.068350351521423,0.010142570525381124
2025-01-09,0.25,300,96,0.004518911368410866,0.0001474521571064011,0.0056676403300640315,6.068350351521423,0.07298585371608149
2025-01-09,0.25,900,96,0.013223495592108182,0.000807859380358899,0.020792508195996387,6.068350351521423,0.21357535835998975
2025-01-10,-0.25,1,96,0.0,0.0,0.0,6.5139689732664685,0.0
2025-01-10,-0.25,60,96,0.0011648203879602737,7.811491909445033e-05,0.001404720724682812,6.5139689732664685,0.018813250252951094
2025-01-10,-0.25,300,96,0.004443887508370629,0.0003474738904317494,0.008664919134729623,6.5139689732664685,0.07177412814274116
2025-01-10,-0.25,900,96,0.008772801217227866,0.0007348695187301158,0.01697790297151114,6.5139689732664685,0.1416912911380305
2025-01-10,0.0,1,96,0.0,0.0,0.0,1.4722134561616294,0.0
2025-01-10,0.0,60,96,5.664040745904167e-05,1.7876781918189473e-06,5.5952796827143936e-05,1.4722134561616294,0.0009148107046558641
2025-01-10,0.0,300,96,0.0009794115935328929,2.1230414311631726e-05,0.0014083617114235697,1.4722134561616294,0.015818675221999978
2025-01-10,0.0,900,96,0.005945535912260396,0.00043978398295976096,0.012918480323866801,1.4722134561616294,0.09602755597120718
2025-01-10,0.25,1,96,0.0,0.0,0.0,6.0505906798465645,0.0
2025-01-10,0.25,60,96,0.0010032364369939161,2.4444700309467915e-05,0.0005525036047104789,6.0505906798465645,0.01620347509855822
2025-01-10,0.25,300,96,0.0045351847714785965,0.0001935016037772234,0.003997039662953013,6.0505906798465645,0.07324868874830776
2025-01-10,0.25,900,96,0.01665835767696472,0.0012212814613066125,0.030256015959549902,6.0505906798465645,0.269052512307706
2025-01-11,-0.25,1,96,0.0,0.0,0.0,4.70693010897977,0.0
2025-01-11,-0.25,60,96,0.002683188502656082,7.491953215363583e-05,0.0009354885382589252,4.70693010897977,0.04333672152112836
2025-01-11,-0.25,300,96,0.01335906574422269,0.0006157099409894261,0.005802429316677134,4.70693010897977,0.21576497937460887
2025-01-11,-0.25,900,96,0.027688785918599634,0.001668361179862868,0.023399362365172368,4.70693010897977,0.4472071952494267
2025-01-11,0.0,1,96,0.0,0.0,0.0,2.3482982886174812,0.0
2025-01-11,0.0,60,96,2.630252962945661e-05,5.070713364483518e-07,2.2684073937444954e-05,2.3482982886174812,0.00042481748886655945
2025-01-11,0.0,300,96,0.0009005711543282174,4.7745510368593956e-05,0.002654934363794704,2.3482982886174812,0.014545307303589149
2025-01-11,0.0,900,96,0.0014792170736868007,9.816415677548467e-05,0.006470317746715107,2.3482982886174812,0.023891134867111436
2025-01-11,0.25,1,96,0.0,0.0,0.0,8.10538316032225,0.0
2025-01-11,0.25,60,96,4.457651430930104e-05,2.134660951593432e-06,0.00020492745138336876,8.10538316032225,0.0007199643199683539
2025-01-11,0.25,300,96,0.0003780446961218747,3.197681639729605e-05,0.0030697743741709173,8.10538316032225,0.006105876534808867
2025-01-11,0.25,900,96,0.0024983784994106932,0.00022172604707535037,0.021285700519264105,8.10538316032225,0.040351817687584106
2025-01-12,-0.25,1,96,0.0,0.0,0.0,5.835129465904763,0.0
2025-01-12,-0.25,60,96,0.0017768428391897796,3.621526600292968e-05,0.0012618290725153886,5.835129465904763,0.028698148949612576
2025-01-12,-0.25,300,96,0.0057886779149799936,0.00017902090928557143,0.002378778286056281,5.835129465904763,0.09349411065481478
2025-01-12,-0.25,900,96,0.012525841608847932,0.0006713831887343536,0.012454183142397029,5.835129465904763,0.20230740742862746
2025-01-12,0.0,1,96,0.0,0.0,0.0,2.7241213383919627,0.0
2025-01-12,0.0,60,96,2.8378871582271346e-06,-5.03229195119572e-09,4.747548726089564e-07,2.7241213383919627,4.5835290882204226e-05
2025-01-12,0.0,300,96,0.00012309046760160806,7.695388600503064e-06,0.00028473989874301534,2.7241213383919627,0.0019880590987313295
2025-01-12,0.0,900,96,0.0006228590188400731,4.659554208230734e-05,0.0016727041807955423,2.7241213383919627,0.01005992229742931
2025-01-12,0.25,1,96,0.0,0.0,0.0,7.820030990545198,0.0
2025-01-12,0.25,60,96,0.00040443576572131,1.0311979966834756e-05,0.00037074975675634517,7.820030990545198,0.0065321240504725535
2025-01-12,0.25,300,96,0.0018522301064474202,9.054189083759554e-05,0.0033515061217984296,7.820030990545198,0.029915743986590852
2025-01-12,0.25,900,96,0.007471794588806076,0.0005885394367780859,0.02232735307867489,7.820030990545198,0.12067846930303819
2025-01-13,-0.25,1,96,0.0,0.0,0.0,7.565095434853997,0.0
2025-01-13,-0.25,60,96,0.0006853206271114766,3.786434973509224e-05,0.001062089630910583,7.565095434853997,0.011068752397660475
2025-01-13,-0.25,300,96,0.0038204443804742473,0.00021112657134290358,0.006134622809980478,7.565095434853997,0.06170477178187511
2025-01-13,-0.25,900,96,0.012950224507374573,0.001011139928293616,0.01688494958152378,7.565095434853997,0.20916170166651438
2025-01-13,0.0,1,96,0.0,0.0,0.0,2.9474168016016495,0.0
2025-01-13,0.0,60,96,2.7340473208272703e-05,-1.3115326316729744e-07,4.967913827310516e-06,2.9474168016016495,0.00044158152614475117
2025-01-13,0.0,300,96,0.0002408359748421169,1.3717426756289963e-05,0.0010675310869952548,2.9474168016016495,0.0038897906590614753
2025-01-13,0.0,900,96,0.0025112297698034144,0.0001933442775681215,0.008179157962368634,2.9474168016016495,0.04055938116187173
2025-01-13,0.25,1,96,0.0,0.0,0.0,6.6205462126974925,0.0
2025-01-13,0.25,60,96,0.0013056911661706778,4.620106556495492e-05,0.00135749540817217,6.6205462126974925,0.021088482751974294
2025-01-13,0.25,300,96,0.0076247322314035556,0.0004940076654329667,0.011579093864305539,6.6205462126974925,0.1231485961766903
2025-01-13,0.25,900,96,0.02306521838067799,0.0017959363850462758,0.03263040934184242,6.6205462126974925,0.37253101851892656
2025-01-14,-0.25,1,96,0.0,0.0,0.0,7.320859508112406,0.0
2025-01-14,-0.25,60,96,0.0005273675040769372,4.240137886754613e-05,0.002081788494300532,7.320859508112406,0.008517619482466807
2025-01-14,-0.25,300,96,0.0018503027231511204,0.00016079120016213144,0.006879725682097777,7.320859508112406,0.029884614429713467
2025-01-14,-0.25,900,96,0.0021629252594126958,0.0001887678732955144,0.009565486302902652,7.320859508112406,0.0349338443968267
2025-01-14,0.0,1,96,0.0,0.0,0.0,1.7633655970810558,0.0
2025-01-14,0.0,60,96,2.5073074139625132e-05,2.017445485250371e-06,9.901822129102303e-05,1.7633655970810558,0.00040496030399371534
2025-01-14,0.0,300,96,0.0005673565632006948,2.7070629542766807e-05,0.0009726654519439382,1.7633655970810558,0.009163490883331293
2025-01-14,0.0,900,96,0.0020466013790539886,0.00015788080821732193,0.0052468430537063624,1.7633655970810558,0.03305507381979267
2025-01-14,0.25,1,96,0.0,0.0,0.0,5.59031147902012,0.0
2025-01-14,0.25,60,96,0.0017844893988743032,7.822466554553085e-05,0.0015917713753314452,5.59031147902012,0.02882165008418306
2025-01-14,0.25,300,96,0.007850042537955453,0.0004072506907397123,0.006821776147903552,5.59031147902012,0.12678762861916382
2025-01-14,0.25,900,96,0.022968323392818804,0.0015345810526866442,0.022472610463556357,5.59031147902012,0.37096604792451826
2025-01-15,-0.25,1,96,0.0,0.0,0.0,6.2356326875111465,0.0
2025-01-15,-0.25,60,96,9.734771519838425e-06,4.80510697472416e-07,2.8993163153523405e-05,6.2356326875111465,0.00015722826944451762
2025-01-15,-0.25,300,96,6.498418222028457e-05,1.05602539226873e-06,5.994250595070527e-05,6.2356326875111465,0.0010495727034389377
2025-01-15,-0.25,900,96,6.498418222034702e-05,1.0560253922693805e-06,5.994250595071221e-05,6.2356326875111465,0.0010495727034389168
2025-01-15,0.0,1,96,0.0,0.0,0.0,0.47032854758540565,0.0
2025-01-15,0.0,60,96,1.85258092355566e-05,1.1028917865539425e-06,9.320217563597128e-05,0.47032854758540565,0.0002992141010509493
2025-01-15,0.0,300,96,0.00044578682109386634,3.793826042405178e-05,0.0015394843149690272,0.47032854758540565,0.007199993330377563
2025-01-15,0.0,900,96,0.0026711299987686892,0.0002363926720701547,0.015490062379755401,0.47032854758540565,0.04314196217942109
2025-01-15,0.25,1,96,0.0,0.0,0.0,5.841206694342172,0.0
2025-01-15,0.25,60,96,0.00033853011907162417,4.6238997889851505e-06,0.0005056030141795953,5.841206694342172,0.005467668588908715
2025-01-15,0.25,300,96,0.003202591511430826,0.00018247332772582784,0.008676994712928245,5.841206694342172,0.051725704822881455
2025-01-15,0.25,900,96,0.004692517970825771,0.000300287171826758,0.01273287401695293,5.841206694342172,0.07578980914987973
2025-01-16,-0.25,1,96,0.0,0.0,0.0,6.277992092408452,0.0
2025-01-16,-0.25,60,96,9.136667903045237e-05,9.358329150925954e-08,8.983996033884445e-06,6.277992092408452,0.001475681758327893
2025-01-16,-0.25,300,96,0.0004640420228829434,9.358329151063285e-08,8.983996033884445e-06,6.277992092408452,0.007494836796493286
2025-01-16,-0.25,900,96,0.001070045424587239,5.432498736728759e-05,0.005215198787308542,6.277992092408452,0.017282520604089538
2025-01-16,0.0,1,96,0.0,0.0,0.0,0.6129920587420387,0.0
2025-01-16,0.0,60,96,1.0573881144028309e-05,3.0139708335915054e-07,1.4981097912379875e-05,0.6129920587420387,0.00017078089820128428
2025-01-16,0.0,300,96,0.0006356658714850355,5.156025405303438e-05,0.00314109319001978,0.6129920587420387,0.010266768371063703
2025-01-16,0.0,900,96,0.00435756190685242,0.0003577801219964817,0.016450914869467863,0.6129920587420387,0.0703798658495057
2025-01-16,0.25,1,96,0.0,0.0,0.0,5.823317646498845,0.0
2025-01-16,0.25,60,96,0.0005396123278208036,1.7062405370984844e-05,0.0007645970943256086,5.823317646498845,0.008715388111794758
2025-01-16,0.25,300,96,0.004166915467263098,4.6564986495639724e-05,0.00482408892443012,5.823317646498845,0.06730069654951339
2025-01-16,0.25,900,96,0.005202536282225646,9.170584896321528e-05,0.004910044766045604,5.823317646498845,0.08402721830320686
2025-01-17,-0.25,1,96,0.0,0.0,0.0,8.32738504615555,0.0
2025-01-17,-0.25,60,96,-5.829364768672463e-14,-6.072254967367149e-16,9.159339953157541e-16,8.32738504615555,0.0
2025-01-17,-0.25,300,96,-5.830058658062853e-14,-6.072977768815472e-16,9.298117831235686e-16,8.32738504615555,1.3877787807814457e-17
2025-01-17,-0.25,900,96,-5.832834215624416e-14,-6.075868974608767e-16,9.298117831235686e-16,8.32738504615555,0.0
2025-01-17,0.0,1,96,0.0,0.0,0.0,2.363058862760324,0.0
2025-01-17,0.0,60,96,9.095792108685666e-08,9.47478344556007e-10,9.09579217518025e-08,2.363058862760324,1.46907983593017e-06
2025-01-17,0.0,300,96,4.959885446600014e-05,3.970259381879987e-06,0.00012426539991217816,2.363058862760324,0.0008010811546144995
2025-01-17,0.0,900,96,0.0004215212486419843,3.6498819365745874e-05,0.0021496345863952944,2.363058862760324,0.006808075149897557
2025-01-17,0.25,1,96,0.0,0.0,0.0,5.073943851389157,0.0
2025-01-17,0.25,60,96,0.002199862240677829,6.318526145910854e-05,0.0010755150802025104,5.073943851389157,0.03553042106864198
2025-01-17,0.25,300,96,0.012324699928845727,0.0006652708719019971,0.00861920153938698,5.073943851389157,0.1990587273723754
2025-01-17,0.25,900,96,0.032911992873685916,0.0022239547340983947,0.03285950381170063,5.073943851389157,0.5315682697804498
2025-01-18,-0.25,1,96,0.0,0.0,0.0,7.811758918636776,0.0
2025-01-18,-0.25,60,96,-4.796163466380676e-14,-4.996003610813204e-16,1.2351231148954867e-15,7.811758918636776,-1.3183898417423734e-16
2025-01-18,-0.25,300,96,-4.792000130038332e-14,-4.991666802123262e-16,1.2490009027033011e-15,7.811758918636776,-2.3592239273284576e-16
2025-01-18,-0.25,900,96,-4.758693439299577e-14,-4.956972332603726e-16,1.2490009027033011e-15,7.811758918636776,0.0
2025-01-18,0.0,1,96,0.0,0.0,0.0,1.818507314254687,0.0
2025-01-18,0.0,60,96,4.5478960656356137e-07,4.0699241888056586e-08,3.907127223330004e-06,1.818507314254687,7.345399179759558e-06
2025-01-18,0.0,300,96,3.9656744305391817e-05,2.1896496382111094e-06,6.588119781418024e-05,1.818507314254687,0.0006405041176837821
2025-01-18,0.0,900,96,0.00018561564794103267,1.3483582320281816e-05,0.00028081207101267824,1.818507314254687,0.0029979159633447003
2025-01-18,0.25,1,96,0.0,0.0,0.0,5.263883273086369,0.0
2025-01-18,0.25,60,96,0.0013641900941130827,4.5811538875770706e-05,0.0009558093432384951,5.263883273086369,0.022033310797648697
2025-01-18,0.25,300,96,0.008510923734191992,0.000301346019722441,0.007555978570973242,5.263883273086369,0.13746165481266148
2025-01-18,0.25,900,96,0.016951706381207805,0.000995395669163259,0.014245482557624502,5.263883273086369,0.2737904467060438
2025-01-19,-0.25,1,96,0.0,0.0,0.0,6.907574183206302,0.0
2025-01-19,-0.25,60,96,5.7401475060153e-05,5.136873131557276e-06,0.0003144163605961481,6.907574183206302,0.0009271028629134412
2025-01-19,-0.25,300,96,0.00010338720800068257,9.25214848777578e-06,0.000573789894298217,6.907574183206302,0.0016698277592036917
2025-01-19,-0.25,900,96,0.0018134267898875962,0.00016228404119672478,0.015264851594357285,6.907574183206302,0.029289023755314763
2025-01-19,0.0,1,96,0.0,0.0,0.0,1.1016619224569713,0.0
2025-01-19,0.0,60,96,2.8155888243423178e-05,2.256473237573316e-06,0.00015426197845657286,1.1016619224569713,0.0004547514596043366
2025-01-19,0.0,300,96,0.00026875782835903957,1.8389837956853086e-05,0.0007752060127380958,1.1016619224569713,0.004340762176247857
2025-01-19,0.0,900,96,0.0011724576168433963,9.342370384569927e-05,0.003050236430036099,1.1016619224569713,0.018936600684414915
2025-01-19,0.25,1,96,0.0,0.0,0.0,5.680954726154704,0.0
2025-01-19,0.25,60,96,0.001026614343523511,2.0973387528172144e-05,0.0005271667176923595,5.680954726154704,0.01658105640649563
2025-01-19,0.25,300,96,0.002742987507418993,0.0001253957390121627,0.004675440869035416,5.680954726154704,0.04430254736974472
2025-01-19,0.25,900,96,0.005183991508273298,0.00032895077334776766,0.00956278002008329,5.680954726154704,0.08372769789901016
2025-01-20,-0.25,1,96,0.0,0.0,0.0,7.844867518870085,0.0
2025-01-20,-0.25,60,96,5.1801953833273406e-05,1.865480955302766e-06,0.0001790861717450437,7.844867518870085,0.0008366638597446102
2025-01-20,-0.25,300,96,5.984631791280254e-05,2.585373216125872e-06,0.0002481958287838676,7.844867518870085,0.0009665900149777099
2025-01-20,-0.25,900,96,5.9846317912892744e-05,2.5853732161268115e-06,0.0002481958287838537,7.844867518870085,0.0009665900149777584
2025-01-20,0.0,1,96,0.0,0.0,0.0,1.9080430905355703,0.0
2025-01-20,0.0,60,96,1.3102261254033643e-06,2.611553141578484e-08,1.5628508893365117e-06,1.9080430905355703,2.1161727767103345e-05
2025-01-20,0.0,300,96,0.0003412098606696247,1.9640477503786645e-05,0.0009325320271750775,1.9080430905355703,0.00551094963964941
2025-01-20,0.0,900,96,0.002275029260790325,0.00019229603159314724,0.016519866832351404,1.9080430905355703,0.03674445885122069
2025-01-20,0.25,1,96,0.0,0.0,0.0,5.149090537113217,0.0
2025-01-20,0.25,60,96,0.0028536423671157397,9.388715321493315e-05,0.0011264826322797891,5.149090537113217,0.046089756444192276
2025-01-20,0.25,300,96,0.009708945370552353,0.0005223876069937633,0.008741008921073788,5.149090537113217,0.1568111451594848
2025-01-20,0.25,900,96,0.03155233751712158,0.0023066955805062586,0.023973955953117576,5.149090537113217,0.5096082004477167
2025-01-21,-0.25,1,96,0.0,0.0,0.0,7.82834295990744,0.0
2025-01-21,-0.25,60,96,0.00027186758112902193,1.4739238697135493e-05,0.0011125154275262589,7.82834295990744,0.004390988424336301
2025-01-21,-0.25,300,96,0.0011099678115171485,8.17687377721206e-05,0.0043050885339295936,7.82834295990744,0.017927315169434164
2025-01-21,-0.25,900,96,0.0011099678115171485,8.17687377721206e-05,0.004305088533929587,7.82834295990744,0.017927315169434337
2025-01-21,0.0,1,96,0.0,0.0,0.0,2.0157017024945856,0.0
2025-01-21,0.0,60,96,3.7084681682800197e-06,7.670103437038878e-09,5.512959637809373e-07,2.0157017024945856,5.989622126214395e-05
2025-01-21,0.0,300,96,0.0004290331677882093,3.416818638792578e-05,0.0013344406225655175,2.0157017024945856,0.0069294016790407125
2025-01-21,0.0,900,96,0.001752186776832593,0.000149919227847404,0.007422899978662061,2.0157017024945856,0.028299923886973697
2025-01-21,0.25,1,96,0.0,0.0,0.0,5.211414346634578,0.0
2025-01-21,0.25,60,96,0.0024559456890182853,6.132547998246966e-05,0.0011555165966002073,5.211414346634578,0.03966647676361336
2025-01-21,0.25,300,96,0.010659339188891802,0.0004746652700064943,0.007847434487327633,5.211414346634578,0.17216114841104813
2025-01-21,0.25,900,96,0.03129655952821216,0.0021946215388084635,0.030185355628834933,5.211414346634578,0.5054770782901046
2025-01-22,-0.25,1,96,0.0,0.0,0.0,6.602527677341687,0.0
2025-01-22,-0.25,60,96,6.721771461771359e-05,5.469366945006849e-06,0.0002610007219513988,6.602527677341687,0.0010856469381974113
2025-01-22,-0.25,300,96,6.721771461763032e-05,5.469366945005981e-06,0.00026100072195141266,6.602527677341687,0.0010856469381977027
2025-01-22,-0.25,900,96,6.721771461769971e-05,5.469366945006704e-06,0.0002610007219513988,6.602527677341687,0.0010856469381976888
2025-01-22,0.0,1,96,0.0,0.0,0.0,1.027474314608148,0.0
2025-01-22,0.0,60,96,1.8865582553439226e-06,4.2215204009108446e-08,3.031757561417804e-06,1.027474314608148,3.0470184877826574e-05
2025-01-22,0.0,300,96,2.9640457963748305e-05,2.0388693220017398e-06,0.0001369037843415074,1.027474314608148,0.00047872904614706285
2025-01-22,0.0,900,96,0.0008167577271897268,7.19650012510691e-05,0.005220771379814241,1.027474314608148,0.013191619648766516
2025-01-22,0.25,1,96,0.0,0.0,0.0,5.9253003379471245,0.0
2025-01-22,0.25,60,96,0.0006479304557955919,1.7294764738828128e-05,0.0003573740341506204,5.9253003379471245,0.010464856157986199
2025-01-22,0.25,300,96,0.0033347322770888883,0.00014849503865332146,0.003321162140099365,5.9253003379471245,0.05385993712044489
2025-01-22,0.25,900,96,0.008538859140443769,0.0006086437128158505,0.02458517771654657,5.9253003379471245,0.13791284522274336
2025-01-23,-0.25,1,96,0.0,0.0,0.0,5.2308282779235595,0.0
2025-01-23,-0.25,60,96,0.002275617000521024,9.627009301395495e-05,0.0012502370167559312,5.2308282779235595,0.036753951555427475
2025-01-23,-0.25,300,96,0.012720564426279694,0.0007589865517586723,0.006588447784748375,5.2308282779235595,0.2054524151329718
2025-01-23,-0.25,900,96,0.03313835762501449,0.002507758050006004,0.033302832101901554,5.2308282779235595,0.5352243327757684
2025-01-23,0.0,1,96,0.0,0.0,0.0,2.02520101988664,0.0
2025-01-23,0.0,60,96,0.00014008117999167403,7.898373618630062e-06,0.0004660545207909386,2.02520101988664,0.002262479539390705
2025-01-23,0.0,300,96,0.0017970902469398278,0.0001356449049856584,0.004045210960083248,2.02520101988664,0.029025168936835814
2025-01-23,0.0,900,96,0.011676130364803378,0.0008784344543171771,0.0182154252888916,2.02520101988664,0.1885835488473453
2025-01-23,0.25,1,96,0.0,0.0,0.0,7.632800347557355,0.0
2025-01-23,0.25,60,96,7.170983086306204e-05,4.393711610611688e-07,8.09776496465131e-05,7.632800347557355,0.0011582000167868756
2025-01-23,0.25,300,96,0.0009663443435544879,1.9966792865825533e-05,0.0021468305856466377,7.632800347557355,0.015607623417642047
2025-01-23,0.25,900,96,0.0015697331143191412,6.767891323447583e-05,0.006727194141037261,7.632800347557355,0.02535307779081337
2025-01-24,-0.25,1,96,0.0,0.0,0.0,5.182491943443756,0.0
2025-01-24,-0.25,60,96,0.002388799853770238,6.720939239275544e-05,0.0012295230561880297,5.182491943443756,0.03858199076575604
2025-01-24,-0.25,300,96,0.015086988684394412,0.0006088647367297496,0.005913448716858862,5.182491943443756,0.2436730131160427
2025-01-24,-0.25,900,96,0.025287810960417146,0.001440715338939489,0.013347290712234986,5.182491943443756,0.4084285619040371
2025-01-24,0.0,1,96,0.0,0.0,0.0,2.82770536156846,0.0
2025-01-24,0.0,60,96,0.00010279957441528657,3.8312799964565e-06,8.356482562019239e-05,2.82770536156846,0.0016603367689235317
2025-01-24,0.0,300,96,0.0015206611866353126,8.999953687324655e-05,0.0024750654181250054,2.82770536156846,0.02456050713811203
2025-01-24,0.0,900,96,0.007108398173280747,0.0005644897893744311,0.0152762600802554,2.82770536156846,0.11480918011829619
2025-01-24,0.25,1,96,0.0,0.0,0.0,8.128573130745266,0.0
2025-01-24,0.25,60,96,0.0005676967610150664,3.072403871033256e-05,0.0010804259153808574,8.128573130745266,0.009168985486764307
2025-01-24,0.25,300,96,0.0035075397686268987,0.00024574325827499485,0.00779553875386137,8.128573130745266,0.056650985953344
2025-01-24,0.25,900,96,0.005048637926871356,0.0003398054393713654,0.011021559882107755,8.128573130745266,0.08154157476348059
2025-01-25,-0.25,1,96,0.0,0.0,0.0,5.59028942990692,0.0
2025-01-25,-0.25,60,96,0.0010893703901341612,3.819249775996593e-05,0.0010217277043185896,5.59028942990692,0.017594642040579356
2025-01-25,-0.25,300,96,0.0073050564236615345,0.00025084543516612923,0.005839477999384127,5.59028942990692,0.11798544739308353
2025-01-25,-0.25,900,96,0.014013548270474805,0.0007706601050361835,0.020343882907040638,5.59028942990692,0.2263356593519223
2025-01-25,0.0,1,96,0.0,0.0,0.0,1.5409552412508214,0.0
2025-01-25,0.0,60,96,4.353011918743381e-05,3.11835469696845e-06,0.0001330103320634898,1.5409552412508214,0.0007030637806886614
2025-01-25,0.0,300,96,0.0014646890242896557,0.0001169032434902804,0.00284052349297146,1.5409552412508214,0.023656489395740967
2025-01-25,0.0,900,96,0.008390488146363794,0.0007191996847167183,0.03774416313951534,1.5409552412508214,0.1355164752161824
2025-01-25,0.25,1,96,0.0,0.0,0.0,6.818344073041475,0.0
2025-01-25,0.25,60,96,0.0004906586606246953,9.471649324224281e-06,0.00022704683832946992,6.818344073041475,0.00792472750772687
2025-01-25,0.25,300,96,0.0023682174935683448,8.36196295719677e-05,0.003518710822648992,6.818344073041475,0.038249560892037064
2025-01-25,0.25,900,96,0.005833605299513059,0.0003576403076694709,0.01437261337941919,6.818344073041475,0.09421974195025047
2025-01-26,-0.25,1,96,0.0,0.0,0.0,6.058614104422488,0.0
2025-01-26,-0.25,60,96,0.0010585218366374197,5.587728445875153e-05,0.001177396053219315,6.058614104422488,0.017096400798474333
2025-01-26,-0.25,300,96,0.0037681293557367025,0.00023539564287489457,0.00391028255414691,6.058614104422488,0.06085982121004577
2025-01-26,-0.25,900,96,0.010747345882269891,0.0008514410994766216,0.03236851917394343,6.058614104422488,0.1735825623602354
2025-01-26,0.0,1,96,0.0,0.0,0.0,1.2230796641962618,0.0
2025-01-26,0.0,60,96,5.3995714926039085e-05,1.1246158607874416e-06,5.8779017304003405e-05,1.2230796641962618,0.0008720957393453161
2025-01-26,0.0,300,96,0.00040226136350034723,2.082068539678728e-05,0.0004902801013723882,1.2230796641962618,0.006497004840030439
2025-01-26,0.0,900,96,0.0037637211255724633,0.00030144962457108216,0.008068447018810977,1.2230796641962618,0.06078862299033551
2025-01-26,0.25,1,96,0.0,0.0,0.0,6.288671376744741,0.0
2025-01-26,0.25,60,96,0.0004984643890125519,1.4262246576621373e-05,0.0005223401918336215,6.288671376744741,0.008050799409586702
2025-01-26,0.25,300,96,0.0025344799486966656,0.00011045977741724169,0.003009876968189558,6.288671376744741,0.04093489951444963
2025-01-26,0.25,900,96,0.006214592734503718,0.0004153739250877461,0.022855916787830853,6.288671376744741,0.10037314725772253
2025-01-27,-0.25,1,96,0.0,0.0,0.0,6.138366789055707,0.0
2025-01-27,-0.25,60,96,0.0010147992050102772,3.953548763603813e-05,0.0009605049981523256,6.138366789055707,0.01639022771031275
2025-01-27,-0.25,300,96,0.005334105915431974,0.00020679488170647926,0.00419268583468169,6.138366789055707,0.08615222612605704
2025-01-27,-0.25,900,96,0.00965091953743661,0.00045452305168524313,0.009170216013717942,6.138366789055707,0.15587395816530725
2025-01-27,0.0,1,96,0.0,0.0,0.0,1.7206427969840377,0.0
2025-01-27,0.0,60,96,0.00022017501935721708,1.3004185235168227e-05,0.00031059512505419995,1.7206427969840377,0.003556091377941063
2025-01-27,0.0,300,96,0.0014892282436477341,8.447459916119175e-05,0.0025678881091065267,1.7206427969840377,0.02405282730290756
2025-01-27,0.0,900,96,0.007045190058124407,0.000545671668166839,0.017922230126705255,1.7206427969840377,0.11378829303500432
2025-01-27,0.25,1,96,0.0,0.0,0.0,6.461234057300773,0.0
2025-01-27,0.25,60,96,0.000763630713503361,2.3885354674207242e-05,0.0009893777031673781,6.461234057300773,0.01233355447881786
2025-01-27,0.25,300,96,0.004065245643272913,0.00015628141645433814,0.004942157137098992,6.461234057300773,0.06565860660911581
2025-01-27,0.25,900,96,0.008626804588863406,0.0005128800268723521,0.012084675132092389,6.461234057300773,0.1393332699915077
2025-01-28,-0.25,1,96,0.0,0.0,0.0,6.361780319763345,0.0
2025-01-28,-0.25,60,96,0.0008901377879811136,4.203071028217765e-05,0.0007675479799545276,6.361780319763345,0.014376795888887847
2025-01-28,-0.25,300,96,0.003850651779194216,0.0002168625756309397,0.00440763249978518,6.361780319763345,0.062192657602639936
2025-01-28,-0.25,900,96,0.005849931230698902,0.00035752722676806484,0.007962799060712483,6.361780319763345,0.09448342537608197
2025-01-28,0.0,1,96,0.0,0.0,0.0,1.6549127100306713,0.0
2025-01-28,0.0,60,96,0.00010045631643580796,3.1782974106042884e-06,9.457631228039845e-05,1.6549127100306713,0.0016224903341891957
2025-01-28,0.0,300,96,0.0015157383392551886,8.543404047382484e-05,0.002933964368059332,1.6549127100306713,0.024480997231959775
2025-01-28,0.0,900,96,0.008643624315492246,0.0006985769041471525,0.018323048438244113,1.6549127100306713,0.13960492880692207
2025-01-28,0.25,1,96,0.0,0.0,0.0,6.012843730219452,0.0
2025-01-28,0.25,60,96,0.0009059522856402461,1.4369885872659062e-05,0.0004384819109522556,6.012843730219452,0.014632219046071628
2025-01-28,0.25,300,96,0.0049000364682094105,0.00021861539407129623,0.006383279324749108,6.012843730219452,0.07914148247588527
2025-01-28,0.25,900,96,0.01079811156017229,0.0007235373644266878,0.019252545864823604,6.012843730219452,0.1744024891158323
2025-01-29,-0.25,1,96,0.0,0.0,0.0,6.62991170285402,0.0
2025-01-29,-0.25,60,96,0.0006240285936777307,2.0257935658955784e-05,0.0006780143363063033,6.62991170285402,0.010078812338076677
2025-01-29,-0.25,300,96,0.002914220130712561,0.00015400467132465124,0.007167995642468471,6.62991170285402,0.04706816018709424
2025-01-29,-0.25,900,96,0.008835375340532038,0.0006838904110350067,0.013102684146000416,6.62991170285402,0.14270193849001903
2025-01-29,0.0,1,96,0.0,0.0,0.0,1.8931217639843911,0.0
2025-01-29,0.0,60,96,0.0002135354321621693,1.4064938568339957e-05,0.00030300943755017656,1.8931217639843911,0.003448854058964726
2025-01-29,0.0,300,96,0.003956000305384871,0.0002971528270298864,0.012118730346720286,1.8931217639843911,0.06389416300792329
2025-01-29,0.0,900,96,0.013354936110593865,0.0010834814468048727,0.01884444851014906,1.8931217639843911,0.21569828082401277
2025-01-29,0.25,1,96,0.0,0.0,0.0,5.7799211589536545,0.0
2025-01-29,0.25,60,96,0.0010749608817058926,1.398727424816802e-05,0.0006615372213902362,5.7799211589536545,0.017361911147505238
2025-01-29,0.25,300,96,0.007701791684161549,0.0002484913938198021,0.003945303749640198,5.7799211589536545,0.12439319902221965
2025-01-29,0.25,900,96,0.01643954093981175,0.0009228833827314606,0.01810753364488204,5.7799211589536545,0.26551835882137875
2025-01-30,-0.25,1,96,0.0,0.0,0.0,6.263183460195723,0.0
2025-01-30,-0.25,60,96,0.0006301769929097974,2.8700818147853657e-05,0.0008028652192324653,6.263183460195723,0.010178116381092221
2025-01-30,-0.25,300,96,0.0036326422102254865,0.00012836901764493302,0.0036902644710656227,6.263183460195723,0.0586715408532004
2025-01-30,-0.25,900,96,0.007148309190412443,0.0004429869819371585,0.014277042872204753,6.263183460195723,0.11545379104866144
2025-01-30,0.0,1,96,0.0,0.0,0.0,0.9355793439368578,0.0
2025-01-30,0.0,60,96,4.337612742566133e-05,1.463594017712888e-06,8.168474600705848e-05,0.9355793439368578,0.0007005766285264026
2025-01-30,0.0,300,96,0.0004959037718823509,3.383091684215561e-05,0.0013503117640593608,0.9355793439368578,0.008009442363737714
2025-01-30,0.0,900,96,0.00379052929028862,0.0003013565792780072,0.012952749889745577,0.9355793439368578,0.06122160709401024
2025-01-30,0.25,1,96,0.0,0.0,0.0,5.978289996029077,0.0
2025-01-30,0.25,60,96,0.0005937887306559893,2.281322146814325e-05,0.0007254595538816327,5.978289996029077,0.009590402178234023
2025-01-30,0.25,300,96,0.002869843473793971,0.00012740249187143682,0.004119664915975697,5.978289996029077,0.04635142380279532
2025-01-30,0.25,900,96,0.007802494163079546,0.0005390710441647509,0.02473774633090487,5.978289996029077,0.12601966517613822
2025-01-31,-0.25,1,96,0.0,0.0,0.0,6.025703014382879,0.0
2025-01-31,-0.25,60,96,0.0009958097832402373,3.262273798256234e-05,0.0011320411436291887,6.025703014382879,0.016083525709337833
2025-01-31,-0.25,300,96,0.006458684237312025,0.0003784744592236205,0.007990178840798754,6.025703014382879,0.10431551861015652
2025-01-31,-0.25,900,96,0.016791220314927566,0.0012845198694221849,0.02871341108718617,6.025703014382879,0.271198403712541
2025-01-31,0.0,1,96,0.0,0.0,0.0,1.1474568720396203,0.0
2025-01-31,0.0,60,96,2.6979688617194164e-05,1.598911512481219e-06,7.388408836314815e-05,1.1474568720396203,0.0004357544209753991
2025-01-31,0.0,300,96,0.000565358285878751,3.814828858599505e-05,0.0028598995229410333,1.1474568720396203,0.009131216301144891
2025-01-31,0.0,900,96,0.00263664575859676,0.00021320608125635718,0.011285998104827598,1.1474568720396203,0.0425850002247692
2025-01-31,0.25,1,96,0.0,0.0,0.0,6.469766811182499,0.0
2025-01-31,0.25,60,96,0.00032392666553832106,1.2655983670227373e-05,0.0008607924542281126,6.469766811182499,0.005231805250354096
2025-01-31,0.25,300,96,0.0007515856410439982,1.0070720058684074e-05,0.0008607924542281126,6.469766811182499,0.012139012071232972
2025-01-31,0.25,900,96,0.0033974249715829283,0.00021928675245992823,0.020137715921681662,6.469766811182499,0.05487249954042285
