period,capacity_mwh,reserve_mw,supply_mw,deficit_mwh,requested_mwh,hydrogen_energy_mwh,max_state_error,initial_inventory,terminal_inventory,deficit_pct,terminal_restoration_mwh,restored_hydrogen_energy_mwh
calibration,0.5,0.25,0.0,11.930053605033965,104.33515869615918,30.75040744787746,0.0,0.25,0.0359983074329265,11.434356121291968,0.22766137507135478,30.522746072806104
calibration,0.5,0.25,0.025,0.942849358608574,104.33515869615918,126.71338461121317,0.0,0.25,0.1115139304015952,0.9036736708804972,0.1473256059557498,126.56605900525743
calibration,0.5,0.25,0.05,0.11144184433192227,104.33515869615918,234.39691595799144,0.0,0.25,0.2137721709820047,0.10681140060989305,0.038540243636165206,234.35837571435528
calibration,0.5,0.25,0.1,1.6712253149239087e-10,104.33515869615918,451.4743772461394,0.0,0.25,0.2568853468003637,1.601785376864942e-10,-0.006472225992341858,451.48084947213175
calibration,0.5,0.25,0.2,1.6740104129271429e-10,104.33515869615918,885.7826885029433,0.0,0.25,0.2586629326208874,1.6044547531691893e-10,-0.008143156663634164,885.790831659607
calibration,0.5,0.25,0.4,1.6740104129271429e-10,104.33515869615918,1754.3826885029434,0.0,0.25,0.2586629326208874,1.6044547531691893e-10,-0.008143156663634164,1754.390831659607
calibration,0.5,0.5,0.0,33.01783995310896,208.67031739231837,69.25376075301091,0.0,0.25,0.071996614865853,15.822969153314002,0.18936530333419893,69.06439544967671
calibration,0.5,0.5,0.025,13.357090467286426,208.67031739231837,155.5080174189549,0.0,0.25,0.1338956773682827,6.401049576291165,0.12351523684225245,155.38450218211264
calibration,0.5,0.5,0.05,7.4878866097532315,208.67031739231837,257.6508838464367,0.0,0.25,0.1967129965072077,3.588381281691997,0.056688301588076924,257.5941955448487
calibration,0.5,0.5,0.1,3.4999534150691467,208.67031739231837,470.59983989180205,0.0,0.25,0.25332651960908,1.6772646243159393,-0.003126928432535182,470.6029668202346
calibration,0.5,0.5,0.2,1.4453509847973185,208.67031739231837,902.7938794085337,0.0,0.25,0.2666563305150448,0.69264809813843,-0.015656950684142093,902.8095363592179
calibration,0.5,0.5,0.4,1.2525841482437454,208.67031739231837,1771.194424311597,0.0,0.25,0.2680674881469986,0.6002694412395886,-0.016983438858178684,1771.2114077504552
calibration,0.5,0.75,0.0,62.838202983378565,313.00547608849115,105.91750146878853,0.0,0.25,0.1079949222987789,20.075751954452485,0.15106923159704375,105.76643223719148
calibration,0.5,0.75,0.025,39.760817330670136,313.00547608849115,187.50730168422444,0.0,0.25,0.1694194672141415,12.702914283655913,0.08572397104878564,187.42157771317565
calibration,0.5,0.75,0.05,29.694395159480482,313.00547608849115,284.541627387917,0.0,0.25,0.2306148606435389,9.486861230212295,0.020622488677086284,284.5210048992399
calibration,0.5,0.75,0.1,20.136947531013224,313.00547608849115,491.06552370736676,0.0,0.25,0.2698933475539586,6.433417006838634,-0.01869974670072109,491.0842234540675
calibration,0.5,0.75,0.2,13.873171071175154,313.00547608849115,918.7220584205176,0.0,0.25,0.2806631367275462,4.432245481626337,-0.02882334852389345,918.7508817690415
calibration,0.5,0.75,0.4,12.72054828120344,313.00547608849115,1786.1191861369703,0.0,0.25,0.2817583826891358,4.0640018315868565,-0.02985287972778763,1786.149039016698
calibration,1.0,0.25,0.0,8.670640612064654,104.33515869615918,27.348403587666176,0.0,0.5,0.2479717887283135,8.310372764481968,0.2681151183741346,27.080288469292043
calibration,1.0,0.25,0.025,0.0951966347720341,104.33515869615918,125.77763356495775,0.0,0.5,0.3615139304015537,0.09124118462239758,0.14732560595579391,125.63030795900195
calibration,1.0,0.25,0.05,3.370936960271588e-10,104.33515869615918,234.27309173626585,0.0,0.5,0.4637721709818707,3.230873468154968e-10,0.03854024363630779,234.23455149262955
calibration,1.0,0.25,0.1,3.349078396777217e-10,104.33515869615918,451.47437724614014,0.0,0.5,0.5068853468003681,3.209923134856462e-10,-0.006472225992346032,451.4808494721325
calibration,1.0,0.25,0.2,3.3554539083202146e-10,104.33515869615918,885.7826885029444,0.0,0.5,0.5086629326208928,3.216033741887371e-10,-0.008143156663639226,885.7908316596081
calibration,1.0,0.25,0.4,3.3554539083202146e-10,104.33515869615918,1754.3826885029443,0.0,0.5,0.5086629326208928,3.216033741887371e-10,-0.008143156663639226,1754.390831659608
calibration,1.0,0.5,0.0,23.860107210067934,208.67031739231837,61.50081489575493,0.0,0.5,0.071996614865853,11.43435612129197,0.45532275014270956,61.045492145612215
calibration,1.0,0.5,0.025,6.777680398666096,208.67031739231837,150.34716567412664,0.0,0.5,0.1338956773682827,3.2480328219961763,0.38947268365076315,149.9576929904759
calibration,1.0,0.5,0.05,1.8856987172171484,208.67031739231837,253.42676922242634,0.0,0.5,0.2230278608031905,0.9036736708804973,0.2946512119114995,253.13211801051486
calibration,1.0,0.5,0.1,0.22288368866384484,208.67031739231837,468.7938319159829,0.0,0.5,0.4275443419640095,0.1068114006098932,0.07708048727233034,468.71675142871055
calibration,1.0,0.5,0.2,3.342450629847817e-10,208.67031739231837,902.9487544922788,0.0,0.5,0.5137706936007274,1.6017853768649418e-10,-0.012944451984683716,902.9616989442635
calibration,1.0,0.5,0.4,3.3480208258542857e-10,208.67031739231837,1771.5653770058866,0.0,0.5,0.5173258652417749,1.6044547531691893e-10,-0.01628631332726843,1771.581663319214
calibration,1.0,0.75,0.0,44.76086575307967,313.00547608849115,98.20055672667716,0.0,0.5,0.1079949222987789,14.300345895681751,0.4170266784055544,97.78353004827161
calibration,1.0,0.75,0.025,22.747150950456792,313.00547608849115,181.52413560165755,0.0,0.5,0.1694194672141415,7.267333221999556,0.35168141785729634,181.17245418380026
calibration,1.0,0.75,0.05,11.752005101970452,313.00547608849115,277.6598700931215,0.0,0.5,0.2322611719702594,3.7545685298643114,0.2848285404571709,277.37504155266436
calibration,1.0,0.75,0.1,5.977964405475957,313.00547608849115,488.58608198229535,0.0,0.5,0.3578454708884673,1.90985936737602,0.15122822245907735,488.4348537598363
calibration,1.0,0.75,0.2,2.5741663782002275,313.00547608849115,919.3671618568607,0.0,0.5,0.4901094067264994,0.8224029848833934,0.010521907737766612,919.356639949123
calibration,1.0,0.75,0.4,2.063389347300523,313.00547608849115,1787.4658787442188,0.0,0.5,0.5103273427183412,0.6592182900714405,-0.009707702155240762,1787.475586446374
calibration,2.0,0.25,0.0,5.407456224023022,104.33515869615918,23.89087883943521,0.0,1.0,0.7479615622796519,5.1827747152524175,0.2681259975748384,23.622752841860372
calibration,2.0,0.25,0.025,6.39766296479921e-10,104.33515869615918,125.67356201065681,0.0,1.0,0.8615139304015179,6.131838054159899e-10,0.14732560595583202,125.52623640470098
calibration,2.0,0.25,0.05,6.661709558944658e-10,104.33515869615918,234.27309173626995,0.0,1.0,0.9637721709818492,6.384913429177435e-10,0.03854024363633064,234.2345514926336
calibration,2.0,0.25,0.1,6.708307258958919e-10,104.33515869615918,451.47437724614093,0.0,1.0,1.0068853468003385,6.429574980083743e-10,-0.006472225992318168,451.48084947213323
calibration,2.0,0.25,0.2,6.698891974367922e-10,104.33515869615918,885.7826885029461,0.0,1.0,1.00866293262091,6.420550903532122e-10,-0.008143156663655402,885.7908316596098
calibration,2.0,0.25,0.4,6.698891974367922e-10,104.33515869615918,1754.3826885029462,0.0,1.0,1.00866293262091,6.420550903532122e-10,-0.008143156663655402,1754.3908316596098
calibration,2.0,0.5,0.0,17.341281224129308,208.67031739231837,54.69680717533235,0.0,1.0,0.495943577456627,8.310372764481968,0.5362302367482692,54.160576938584086
calibration,2.0,0.5,0.025,3.5858657716221676,208.67031739231837,146.91585540727445,0.0,1.0,0.6135981553694092,1.7184359598593162,0.411065792160203,146.50478961511425
calibration,2.0,0.5,0.05,0.19039326954406843,208.67031739231837,251.5552671299155,0.0,1.0,0.7230278608031074,0.09124118462239768,0.29465121191158783,251.2606159180039
calibration,2.0,0.5,0.1,6.741873920543176e-10,208.67031739231837,468.5461834725317,0.0,1.0,0.9275443419637414,3.230873468154968e-10,0.07708048727261559,468.4691029852591
calibration,2.0,0.5,0.2,6.698156793554435e-10,208.67031739231837,902.9487544922803,0.0,1.0,1.0137706936007362,3.209923134856462e-10,-0.012944451984692063,902.961698944265
calibration,2.0,0.5,0.4,6.710907816640429e-10,208.67031739231837,1771.5653770058889,0.0,1.0,1.0173258652417856,3.216033741887371e-10,-0.01628631332727845,1771.5816633192162
calibration,2.0,0.75,0.0,31.38483480555688,313.00547608849115,87.33721008109173,0.0,1.0,0.2439200413858729,10.026928345714929,0.8043403815043906,86.53286969958734
calibration,2.0,0.75,0.025,13.347949840275124,313.00547608849115,174.7192118604465,0.0,1.0,0.3645592225050109,4.264446107166977,0.6760008271223288,174.04321103332418
calibration,2.0,0.75,0.05,4.448267398011024,313.00547608849115,273.0038224515099,0.0,1.0,0.4760176056443367,1.4211468289945939,0.5574280791017695,272.4463943724081
calibration,2.0,0.75,0.1,0.46011431931997143,313.00547608849115,485.750880165768,0.0,1.0,0.6892434759216691,0.14699880815819674,0.33059204689184135,485.42028811887616
calibration,2.0,0.75,0.2,0.11518720111790545,313.00547608849115,919.7691996681008,0.0,1.0,0.982063543406512,0.0368003788807006,0.01908133680158295,919.7501183312992
calibration,2.0,0.75,0.4,0.11518720112228313,313.00547608849115,1788.419993306637,0.0,1.0,1.01032734271837,0.036800378882099194,-0.009707702155267896,1788.4297010087923
calibration,4.0,0.25,0.0,3.297343952464622,104.33515869615918,21.65957468082175,0.0,2.0,1.7479615622796056,3.1603382729948395,0.26812599757488764,21.39144868324686
calibration,4.0,0.25,0.025,1.3593335215442818e-09,104.33515869615918,125.67356201076453,0.0,2.0,1.8615139304019623,1.302852785706571e-09,0.14732560595535923,125.52623640480917
calibration,4.0,0.25,0.05,1.3275202030308314e-09,104.33515869615918,234.27309173625935,0.0,2.0,1.9637721709818643,1.2723613205945127e-09,0.03854024363631458,234.23455149262304
calibration,4.0,0.25,0.1,1.3447036282592563e-09,104.33515869615918,451.47437724613553,0.0,2.0,2.0068853468003747,1.2888307690940982e-09,-0.006472225992352189,451.4808494721279
calibration,4.0,0.25,0.2,1.3463529094783058e-09,104.33515869615918,885.7826885029378,0.0,2.0,2.0086629326208514,1.290411522159182e-09,-0.008143156663600298,885.7908316596014
calibration,4.0,0.25,0.4,1.3463529094783058e-09,104.33515869615918,1754.3826885029382,0.0,2.0,2.0086629326208514,1.290411522159182e-09,-0.008143156663600298,1754.3908316596019
calibration,4.0,0.5,0.0,10.814912448046046,208.67031739231837,47.78175767887042,0.0,2.0,1.495923124559304,5.182774715252418,0.5362519951496765,47.245505683720744
calibration,4.0,0.5,0.025,2.0855907326236554,208.67031739231837,145.29913737966618,0.0,2.0,1.6135981553698824,0.9994668904933725,0.41106579215969963,144.8880715875065
calibration,4.0,0.5,0.05,1.279532592959842e-09,208.67031739231837,251.34712402131362,0.0,2.0,1.7230278608030358,6.131838054159899e-10,0.29465121191166405,251.05247280940196
calibration,4.0,0.5,0.1,1.3323419117889315e-09,208.67031739231837,468.5461834725399,0.0,2.0,1.9275443419636984,6.384913429177435e-10,0.07708048727266129,468.4691029852672
calibration,4.0,0.5,0.2,1.3416614517917838e-09,208.67031739231837,902.9487544922819,0.0,2.0,2.0137706936006765,6.429574980083743e-10,-0.012944451984635917,902.9616989442665
calibration,4.0,0.5,0.4,1.3397783948735843e-09,208.67031739231837,1771.5653770058923,0.0,2.0,2.01732586524182,6.420550903532122e-10,-0.016286313327310804,1771.5816633192196
calibration,4.0,0.75,0.0,21.84850884981767,313.00547608849115,77.51218886586462,0.0,2.0,1.2438846868389344,6.980232142533117,0.8043779927245379,76.70781087314008
calibration,4.0,0.75,0.025,8.167523855649632,313.00547608849115,169.3927662927021,0.0,2.0,1.3645592225054757,2.6093868892378596,0.6760008271218344,168.71676546558027
calibration,4.0,0.75,0.05,2.5903148808208303,313.00547608849115,271.21348961781325,0.0,2.0,1.4760176056443983,0.8275621606340557,0.5574280791017039,270.6560615387115
calibration,4.0,0.75,0.1,1.3283594322679726e-09,313.00547608849115,485.4750632258196,0.0,2.0,1.6892434759214945,4.2438855986418156e-10,0.33059204689202715,485.1444711789276
calibration,4.0,0.75,0.2,1.354344760014668e-09,313.00547608849115,919.8714558953121,0.0,2.0,1.9820635434064164,4.326904362630944e-10,0.01908133680168464,919.8523745585104
calibration,4.0,0.75,0.4,1.3533501812869483e-09,313.00547608849115,1788.5222495338583,0.0,2.0,2.0103273427184045,4.3237268504028876e-10,-0.009707702155300249,1788.5319572360136
calibration,8.0,0.25,0.0,1.4173439531125192,104.33515869615918,19.64109773655432,0.0,4.0,3.7479615622797873,1.3584528655772246,0.2681259975746944,19.372971738979622
calibration,8.0,0.25,0.025,2.610007910735445e-09,104.33515869615918,125.67356201076205,0.0,4.0,3.8615139304019177,2.5015612602231324e-09,0.1473256059554067,125.52623640480665
calibration,8.0,0.25,0.05,2.6868531923784917e-09,104.33515869615918,234.2730917363336,0.0,4.0,3.963772170982819,2.575213596217399e-09,0.03854024363529884,234.2345514926983
calibration,8.0,0.25,0.1,2.6773381855896626e-09,104.33515869615918,451.47437724613616,0.0,4.0,4.006885346800331,2.5660939409566658e-09,-0.00647222599231128,451.48084947212845
calibration,8.0,0.25,0.2,2.6770760603594437e-09,104.33515869615918,885.7826885029416,0.0,4.0,4.008662932620972,2.5658427071122986e-09,-0.008143156663713427,885.7908316596053
calibration,8.0,0.25,0.4,2.6770760603594437e-09,104.33515869615918,1754.382688502942,0.0,4.0,4.008662932620972,2.5658427071122986e-09,-0.008143156663713427,1754.3908316596057
calibration,8.0,0.5,0.0,6.594687904929245,208.67031739231837,43.3191493616435,0.0,4.0,3.4959231245592117,3.1603382729948395,0.5362519951497748,42.78289736649372
calibration,8.0,0.5,0.025,0.20559073376522746,208.67031739231837,143.25989539368373,0.0,4.0,3.613598155369924,0.09852418702114638,0.4110657921596552,142.84882960152407
calibration,8.0,0.5,0.05,2.7186670430885635e-09,208.67031739231837,251.34712402152905,0.0,4.0,3.723027860803925,1.302852785706571e-09,0.29465121191071797,251.05247280961834
calibration,8.0,0.5,0.1,2.6550404060616628e-09,208.67031739231837,468.5461834725187,0.0,4.0,3.9275443419637286,1.2723613205945127e-09,0.07708048727262916,468.4691029852461
calibration,8.0,0.5,0.2,2.6894072565185125e-09,208.67031739231837,902.9487544922711,0.0,4.0,4.013770693600749,1.2888307690940982e-09,-0.012944451984704378,902.9616989442558
calibration,8.0,0.5,0.4,2.6927058189566116e-09,208.67031739231837,1771.5653770058757,0.0,4.0,4.017325865241703,1.290411522159182e-09,-0.016286313327200597,1771.5816633192028
calibration,8.0,0.75,0.0,12.541789655779553,313.00547608849115,67.64192972298153,0.0,4.0,3.243884686838928,4.006891448836444,0.8043779927245448,66.83755173025699
calibration,8.0,0.75,0.025,4.816266925105608,313.00547608849115,165.78757393800728,0.0,4.0,3.3645592225053544,1.538716505951474,0.6760008271219634,165.11157311088533
calibration,8.0,0.75,0.05,0.7103148822623199,313.00547608849115,269.18598661769283,0.0,4.0,3.4760176056453456,0.22693369174841643,0.5574280791006962,268.62855853859213
calibration,8.0,0.75,0.1,2.6146633302039454e-09,313.00547608849115,485.4750632258093,0.0,4.0,3.6892434759214976,8.353410818489139e-10,0.33059204689202387,485.1444711789173
calibration,8.0,0.75,0.2,2.675198912827248e-09,313.00547608849115,919.8714558953042,0.0,4.0,3.982063543406441,8.546811852170059e-10,0.019081336801658657,919.8523745585026
calibration,8.0,0.75,0.4,2.680139487551429e-09,313.00547608849115,1788.5222495338537,0.0,4.0,4.010327342718317,8.562596159799182e-10,-0.00970770215521801,1788.531957236009
development,0.5,0.25,0.0,34.9368665828936,100.50238914345823,6.025548890653028,0.0,0.0359983074329265,0.2612249189286073,34.762224938776654,-0.2117130148059399,6.237261905458968
development,0.5,0.25,0.025,2.2376301203750333,100.50238914345823,80.57085130611169,0.0,0.1115139304015952,0.2650284178958907,2.2264447038975512,-0.14430361824463778,80.71515492435633
development,0.5,0.25,0.05,0.4671814939941791,100.50238914345823,189.3939290564717,0.0,0.2137721709820047,0.2650284178959216,0.4648461573657906,-0.048180872099081846,189.4421099285708
development,0.5,0.25,0.1,0.004682363893407079,100.50238914345823,409.9630550897588,0.0,0.2568853468003637,0.2650284178959204,0.004658957795245465,-0.007654486829823327,409.97070957658866
development,0.5,0.25,0.2,1.5145573777903857e-10,100.50238914345823,851.691226455672,0.0,0.2586629326208874,0.2650284178959204,1.5069864415148277e-10,-0.00598355615853102,851.6972100118305
development,0.5,0.25,0.4,1.5145573777903857e-10,100.50238914345823,1735.091226455672,0.0,0.2586629326208874,0.2650284178959204,1.5069864415148277e-10,-0.00598355615853102,1735.0972100118306
development,0.5,0.5,0.0,77.5463640659782,201.00477828691646,20.376463601065606,0.0,0.071996614865853,0.279942761321763,38.57936349915406,-0.19546937766855538,20.57193297873416
development,0.5,0.5,0.025,27.912220926372036,201.00477828691646,76.33306939876373,0.0,0.1338956773682827,0.2800557851382137,13.88634696361786,-0.13739050130373515,76.47045990006747
development,0.5,0.5,0.05,13.622169041608537,201.00477828691646,171.41396503526985,0.0,0.1967129965072077,0.2800568357917981,6.777037420555296,-0.07834320892751495,171.49230824419737
development,0.5,0.5,0.1,5.663911446094736,201.00477828691646,384.04989321936057,0.0,0.25332651960908,0.2800568357918585,2.817799404753456,-0.025126497211811833,384.0750197165724
development,0.5,0.5,0.2,1.7908328179811412,201.00477828691646,821.8514962704111,0.0,0.2666563305150448,0.2800568357918607,0.8909404210405817,-0.012596474960206955,821.8640927453713
development,0.5,0.5,0.4,1.2271536494069681,201.00477828691646,1704.6723880543016,0.0,0.2680674881469986,0.2800568357918607,0.6105096902996582,-0.011269986786170366,1704.6836580410877
development,0.5,0.75,0.0,124.77076478514819,301.5071674303827,37.65541710203344,0.0,0.1079949222987789,0.2950092959770456,41.38235447220586,-0.17579351125757073,37.83121061329101
development,0.5,0.75,0.025,69.67094167138805,301.5071674303827,87.5254120712263,0.0,0.1694194672141415,0.2950778863834112,23.10755736427888,-0.11811891401911351,87.6435309852454
development,0.5,0.75,0.05,44.913010818997854,301.5071674303827,171.01563511459804,0.0,0.2306148606435389,0.2950852536876824,14.896166881130002,-0.060602169461494895,171.07623728405954
development,0.5,0.75,0.1,24.763214568999906,301.5071674303827,370.3012307847561,0.0,0.2698933475539586,0.2950852536878199,8.21314291797646,-0.023680391765829617,370.32491117652194
development,0.5,0.75,0.2,12.657693670484615,301.5071674303827,799.417168960976,0.0,0.2806631367275462,0.2950852536878071,4.198140222788318,-0.013556789942645203,799.4307257509187
development,0.5,0.75,0.4,10.498071124434546,301.5071674303827,1680.591969458925,0.0,0.2817583826891358,0.2950852536878087,3.481864532079001,-0.012527258738752538,1680.6044967176638
development,1.0,0.25,0.0,32.47346842295943,100.50238914345823,3.6032169750113447,0.0,0.2479717887283135,0.2819190930068818,32.31114075965541,-0.03191046602185419,3.635127441033199
development,1.0,0.25,0.025,0.1644266815176665,100.50238914345823,78.29369901119092,0.0,0.3615139304015537,0.5150284178958752,0.1636047490204059,-0.14430361824466215,78.43800262943559
development,1.0,0.25,0.05,3.0479748909885156e-10,100.50238914345823,188.87247386510114,0.0,0.4637721709818707,0.5150284178959418,3.0327387408052586e-10,-0.048180872099226835,188.92065473720038
development,1.0,0.25,0.1,3.04155250844998e-10,100.50238914345823,409.95781990130797,0.0,0.5068853468003681,0.5150284178959427,3.0263484623320086e-10,-0.007654486829840076,409.9654743881378
development,1.0,0.25,0.2,3.0466299803756067e-10,100.50238914345823,851.6912264556698,0.0,0.5086629326208928,0.5150284178959427,3.031400553102089e-10,-0.005983556158546883,851.6972100118284
development,1.0,0.25,0.4,3.0466299803756067e-10,100.50238914345823,1735.09122645567,0.0,0.5086629326208928,0.5150284178959427,3.031400553102089e-10,-0.005983556158546883,1735.0972100118286
development,1.0,0.5,0.0,69.8737331657872,201.00477828691646,12.051097781306058,0.0,0.071996614865853,0.5224498378572145,34.762224938776654,-0.4234260296118798,12.474523810917939
development,1.0,0.5,0.025,16.062818814361606,201.00477828691646,63.2466346123271,0.0,0.1338956773682827,0.5300557829357306,7.991262173595375,-0.37239049923340106,63.619025111560504
development,1.0,0.5,0.05,4.475260240750068,201.00477828691646,161.14170261222338,0.0,0.2230278608031905,0.5300568357917815,2.226444703897552,-0.28860723648927555,161.43030984871265
development,1.0,0.5,0.1,0.9343629879883585,201.00477828691646,378.7878581129434,0.0,0.4275443419640095,0.5300568357918433,0.46484615736579077,-0.09636174419816375,378.8842198571416
development,1.0,0.5,0.2,0.009364727786814258,201.00477828691646,819.9261101795177,0.0,0.5137706936007274,0.5300568357918409,0.0046589577952455144,-0.015308973659646757,819.9414191531773
development,1.0,0.5,0.4,3.0291147555807715e-10,201.00477828691646,1703.382452911344,0.0,0.5173258652417749,0.5300568357918409,1.5069864415148277e-10,-0.01196711231706204,1703.394420023661
development,1.0,0.75,0.0,111.03068391918663,301.5071674303827,24.8598587630612,0.0,0.1079949222987789,0.5441466553696007,36.82522205540051,-0.4099826290865725,25.269841392147775
development,1.0,0.75,0.025,49.82589414346911,301.5071674303827,68.05470403024023,0.0,0.1694194672141415,0.5450774163673696,16.52560851807073,-0.3531184722040344,68.40782250244426
development,1.0,0.75,0.05,24.149618977912105,301.5071674303827,150.26550447498235,0.0,0.2322611719702594,0.5450852536608787,8.009633463684805,-0.2940546367891821,150.55955911177153
development,1.0,0.75,0.1,9.099857551566911,301.5071674303827,355.2734079871297,0.0,0.3578454708884673,0.5450852536877523,3.0181231275929936,-0.17600539583132788,355.44941338296104
development,1.0,0.75,0.2,2.73817320853543,301.5071674303827,790.8210184626585,0.0,0.4901094067264994,0.5450852536877705,0.9081618960742177,-0.05167729614359484,790.872695758802
development,1.0,0.75,0.4,1.4913932390145648,301.5071674303827,1673.0289428990093,0.0,0.5103273427183412,0.5450852536877707,0.4946460317096521,-0.032672436311263715,1673.0616153353205
development,2.0,0.25,0.0,30.28260154576289,100.50238914345823,1.7864785116751107,0.0,0.7479615622796519,0.2819190930068818,30.13122553985972,0.49578986092847893,1.2906886507466317
development,2.0,0.25,0.025,5.521007232903415e-10,100.50238914345823,78.11640150854184,0.0,0.8615139304015179,1.0150284178959472,5.493408942769178e-10,-0.14430361824476354,78.2607051267866
development,2.0,0.25,0.05,6.017626579317841e-10,100.50238914345823,188.8724738651024,0.0,0.9637721709818492,1.0150284178959648,5.987545799262755e-10,-0.04818087209926863,188.92065473720166
development,2.0,0.25,0.1,6.088710451557622e-10,100.50238914345823,409.95781990130865,0.0,1.0068853468003385,1.0150284178959672,6.058274338997583e-10,-0.007654486829891004,409.96547438813855
development,2.0,0.25,0.2,6.082981065140134e-10,100.50238914345823,851.6912264556744,0.0,1.00866293262091,1.0150284178959672,6.052573592511537e-10,-0.005983556158553771,851.6972100118329
development,2.0,0.25,0.4,6.082981065140134e-10,100.50238914345823,1735.0912264556744,0.0,1.00866293262091,1.0150284178959672,6.052573592511537e-10,-0.005983556158553771,1735.0972100118329
development,2.0,0.5,0.0,64.94693684591887,201.00477828691646,7.20643395002269,0.0,0.495943577456627,0.5638381860137637,32.31114075965542,-0.06382093204370849,7.270254882066399
development,2.0,0.5,0.025,8.167115358145399,201.00477828691646,54.6609485079943,0.0,0.6135981553694092,1.030055782935742,4.063144880311038,-0.3914701699123528,55.05241867790665
development,2.0,0.5,0.05,0.328853363035333,201.00477828691646,156.58739802238185,0.0,0.7230278608031074,1.0300568357917503,0.1636047490204059,-0.2886072364893243,156.87600525887117
development,2.0,0.5,0.1,6.095949781977031e-10,201.00477828691646,377.7449477302023,0.0,0.9275443419637414,1.0300568357918836,3.0327387408052586e-10,-0.09636174419845367,377.84130947440076
development,2.0,0.5,0.2,6.08310501689996e-10,201.00477828691646,819.9156398026159,0.0,1.0137706936007362,1.0300568357918851,3.0263484623320086e-10,-0.015308973659679944,819.9309487762756
development,2.0,0.5,0.4,6.093259960751213e-10,201.00477828691646,1703.3824529113397,0.0,1.0173258652417856,1.0300568357918851,3.031400553102089e-10,-0.011967112317093557,1703.3944200236567
development,2.0,0.75,0.0,101.51170020206823,301.5071674303827,14.642218257160367,0.0,0.2439200413858729,0.845757279020712,33.66808857885842,-0.5657270033767487,15.207945260537116
development,2.0,0.75,0.025,34.3856182511591,301.5071674303827,51.176693388332666,0.0,0.3645592225050109,1.0450772781460071,11.404577391712806,-0.6396869723025363,51.8163803606352
development,2.0,0.75,0.05,10.355098576557824,301.5071674303827,134.98433467439804,0.0,0.4760176056443367,1.0450852536608983,3.434445245467934,-0.5349235891355679,135.5192582635336
development,2.0,0.75,0.1,1.477996329559111,301.5071674303827,346.7092322650941,0.0,0.6892434759216691,1.0450852536878164,0.4902027179504371,-0.3344912711001784,347.0437235361943
development,2.0,0.75,0.2,0.11022743671963048,301.5071674303827,787.9586305147734,0.0,0.982063543406512,1.0450852536878663,0.036558811407056094,-0.05924040766447302,788.0178709224379
development,2.0,0.75,0.4,6.051648566076515e-10,301.5071674303827,1671.436109786461,0.0,1.01032734271837,1.0450852536878663,2.0071325725527986e-10,-0.032672436311326436,1671.4687822227722
development,4.0,0.25,0.0,28.24322643886284,100.50238914345823,0.6215166922335097,0.0,1.7479615622796056,0.2819190930068818,28.102044816614402,1.5596196481624722,-0.9381029559289625
development,4.0,0.25,0.025,1.23696546846961e-09,100.50238914345823,78.11640150873545,0.0,1.8615139304019623,2.0150284178958717,1.2307821525555493e-09,-0.14430361824427482,78.26070512697973
development,4.0,0.25,0.05,1.1858657041835402e-09,100.50238914345823,188.8724738651,0.0,1.9637721709818643,2.015028417895884,1.1799378246529267e-09,-0.04818087209917867,188.9206547371992
development,4.0,0.25,0.1,1.213577005778002e-09,100.50238914345823,409.9578199013128,0.0,2.0068853468003747,2.015028417895888,1.2075106035994116e-09,-0.007654486829782678,409.9654743881426
development,4.0,0.25,0.2,1.2132951856328812e-09,100.50238914345823,851.6912264556802,0.0,2.0086629326208514,2.015028417895888,1.2072301922106648e-09,-0.005983556158534568,851.6972100118387
development,4.0,0.25,0.4,1.2132951856328812e-09,100.50238914345823,1735.0912264556803,0.0,2.0086629326208514,2.015028417895888,1.2072301922106648e-09,-0.005983556158534568,1735.0972100118388
development,4.0,0.5,0.0,60.56520309152579,201.00477828691646,3.572957023350222,0.0,1.495923124559304,0.5638381860137637,30.131225539859727,0.991579721856958,2.581377301493264
development,4.0,0.5,0.025,3.160298645291276,201.00477828691646,49.241841967766355,0.0,1.6135981553698824,2.0300557829351376,1.5722505067915504,-0.3914701699113398,49.63331213767769
development,4.0,0.5,0.05,1.104201446580683e-09,201.00477828691646,156.2328030170837,0.0,1.7230278608030358,2.0300568357918944,5.493408942769178e-10,-0.2886072364895271,156.52141025357324
development,4.0,0.5,0.1,1.2035253158635683e-09,201.00477828691646,377.7449477302048,0.0,1.9275443419636984,2.030056835791929,5.987545799262755e-10,-0.09636174419853684,377.8413094744033
development,4.0,0.5,0.2,1.2177420903115245e-09,201.00477828691646,819.9156398026173,0.0,2.0137706936006765,2.0300568357919344,6.058274338997583e-10,-0.015308973659782427,819.9309487762771
development,4.0,0.5,0.4,1.2165962130280268e-09,201.00477828691646,1703.3824529113488,0.0,2.01732586524182,2.0300568357919344,6.052573592511537e-10,-0.011967112317107542,1703.3944200236658
development,4.0,0.75,0.0,94.66701675004244,301.5071674303827,8.384198363816903,0.0,1.2438846868389344,0.845757279020712,31.397932446133584,0.42353979555130045,7.960658568265603
development,4.0,0.75,0.025,23.269266139992006,301.5071674303827,39.204559407222256,0.0,1.3645592225054757,2.045077277206931,7.717649413878303,-0.6396869714193681,39.84424637864162
development,4.0,0.75,0.05,2.599249585621804,301.5071674303827,126.50481697048986,0.0,1.4760176056443983,2.045085253660888,0.86208550455835,-0.5349235891355004,127.03974055962536
development,4.0,0.75,0.1,1.1787395865025197e-09,301.5071674303827,345.0778616140988,0.0,1.6892434759214945,2.0450852536878643,3.9094910961766367e-10,-0.3344912711003876,345.4123528851992
development,4.0,0.75,0.2,1.2239032943349567e-09,301.5071674303827,787.8371971437597,0.0,1.9820635434064164,2.0450852536878474,4.0592842444369186e-10,-0.059240407664545136,787.8964375514242
development,4.0,0.75,0.4,1.2194418919150044e-09,301.5071674303827,1671.4361097864714,0.0,2.0103273427184045,2.0450852536878497,4.0444872415730235e-10,-0.032672436311278426,1671.4687822227827
development,8.0,0.25,0.0,26.34083414501886,100.50238914345823,0.5983492516088825,0.0,3.7479615622797873,0.2819190930068818,26.20916215973698,3.687279222630751,-3.0889299710218685
development,8.0,0.25,0.025,2.2878728348023553e-09,100.50238914345823,78.11640150871492,0.0,3.8615139304019177,4.0150284178958,2.2764362661435047e-09,-0.14430361824424914,78.26070512695917
development,8.0,0.25,0.05,2.4363004863224525e-09,100.50238914345823,188.87247386519002,0.0,3.963772170982819,4.015028417895814,2.4241219607673702e-09,-0.04818087209821521,188.92065473728823
development,8.0,0.25,0.1,2.4398391630312738e-09,100.50238914345823,409.9578199012897,0.0,4.006885346800331,4.015028417895811,2.4276429484165e-09,-0.0076544868297513695,409.9654743881195
development,8.0,0.25,0.2,2.438630805882225e-09,100.50238914345823,851.6912264556661,0.0,4.008662932620972,4.015028417895811,2.4264406315767244e-09,-0.005983556158349224,851.6972100118244
development,8.0,0.25,0.4,2.438630805882225e-09,100.50238914345823,1735.0912264556666,0.0,4.008662932620972,4.015028417895811,2.4264406315767244e-09,-0.005983556158349224,1735.097210011825
development,8.0,0.5,0.0,56.48645287772569,201.00477828691646,1.2430333844670194,0.0,3.4959231245592117,0.5638381860137637,28.102044816614406,3.119239296324945,-1.8762059118579255
development,8.0,0.5,0.025,1.9338966447654876e-09,201.00477828691646,45.794434692003634,0.0,3.613598155369924,4.030055457485694,9.621147622694929e-10,-0.3914698639888234,46.18590455599246
development,8.0,0.5,0.05,2.47393093693922e-09,201.00477828691646,156.2328030174709,0.0,3.723027860803925,4.030056835791743,1.2307821525555493e-09,-0.2886072364885484,156.52141025395946
development,8.0,0.5,0.1,2.3717314083670804e-09,201.00477828691646,377.7449477302,0.0,3.9275443419637286,4.030056835791768,1.1799378246529267e-09,-0.09636174419835734,377.8413094743984
development,8.0,0.5,0.2,2.427154011556004e-09,201.00477828691646,819.9156398026256,0.0,4.013770693600749,4.030056835791775,1.2075106035994116e-09,-0.015308973659564521,819.9309487762852
development,8.0,0.5,0.4,2.426590371265762e-09,201.00477828691646,1703.3824529113604,0.0,4.017325865241703,4.030056835791775,1.2072301922106646e-09,-0.011967112317068302,1703.3944200236774
development,8.0,0.75,0.0,88.48132182845343,301.5071674303827,3.8418577236768696,0.0,3.243884686838928,0.845757279020712,29.34634111107278,2.551199370019379,1.2906583536574905
development,8.0,0.75,0.025,15.693123900906395,301.5071674303827,31.915696142846322,0.0,3.3645592225053544,3.1675808119013604,5.204892485526036,0.20955150064254682,31.706144642203775
development,8.0,0.75,0.05,2.4286474997207983e-09,301.5071674303827,123.67431543164413,0.0,3.4760176056453456,4.04508525366101,8.055024099158663e-10,-0.5349235891347244,124.20923902077885
development,8.0,0.75,0.1,2.3116798932951382e-09,301.5071674303827,345.07786161411525,0.0,3.6892434759214976,4.045085253687569,7.667081061444086e-10,-0.33449127110010707,345.41235288521534
development,8.0,0.75,0.2,2.420851815380233e-09,301.5071674303827,787.8371971437665,0.0,3.982063543406441,4.045085253687436,8.029168381011047e-10,-0.05924040766413521,787.8964375514306
development,8.0,0.75,0.4,2.429078092674111e-09,301.5071674303827,1671.4361097864721,0.0,4.010327342718317,4.045085253687436,8.056452234207597e-10,-0.03267243631097161,1671.4687822227831
evaluation,0.5,0.25,0.0,26.09728374938329,145.60742940116907,23.6436712972003,0.0,0.2612249189286073,0.091917094264715,17.923044075918394,0.1801147070892471,23.463556590111054
evaluation,0.5,0.25,0.025,2.2268285435169357,145.60742940116907,124.40093619274087,0.0,0.2650284178958907,0.2206389428537245,1.5293371723373455,0.04722284578953851,124.35371334695134
evaluation,0.5,0.25,0.05,0.26344800484994607,145.60742940116907,249.5788692827692,0.0,0.2650284178959216,0.2342485834101077,0.18093033160012018,0.03274450477214241,249.54612477799705
evaluation,0.5,0.25,0.1,1.8852441810364226e-10,145.60742940116907,503.77837026785744,0.0,0.2650284178959204,0.2342485834101502,1.2947444981274328e-10,0.032744504772095964,503.74562576308534
evaluation,0.5,0.25,0.2,1.8862815778879815e-10,145.60742940116907,1012.4980046109878,0.0,0.2650284178959204,0.2342485834101503,1.2954569596109062e-10,0.032744504772095846,1012.4652601062157
evaluation,0.5,0.25,0.4,1.8862815778879815e-10,145.60742940116907,2029.8980046109878,0.0,0.2650284178959204,0.2342485834101503,1.2954569596109062e-10,0.032744504772095846,2029.8652601062156
evaluation,0.5,0.5,0.0,63.924232577205515,291.21485880233814,58.97280276906895,0.0,0.279942761321763,0.0,21.950882877372006,0.2978114482146415,58.67499132085431
evaluation,0.5,0.5,0.025,25.222320951817874,291.21485880233814,143.41511400746063,0.0,0.2800557851382137,0.124050366017483,8.661069375219451,0.16596321183056462,143.24915079563007
evaluation,0.5,0.5,0.05,12.725291050634754,291.21485880233814,256.9293399131831,0.0,0.2800568357917981,0.1912778857075445,4.3697258797058955,0.09444569157899317,256.83489422160415
evaluation,0.5,0.5,0.1,4.49915012919331,291.21485880233814,502.60136624101756,0.0,0.2800568357918585,0.2184971668202064,1.5449589858486938,0.06548900954431078,502.53587723147325
evaluation,0.5,0.5,0.2,1.4817787424799824,291.21485880233814,1008.2640184421742,0.0,0.2800568357918607,0.2184971668203054,0.5088266266954937,0.06548900954420776,1008.19852943263
evaluation,0.5,0.5,0.4,1.205293233020166,291.21485880233814,2025.382781969858,0.0,0.2800568357918607,0.2184971668203053,0.4138845242914812,0.06548900954420787,2025.3172929603136
evaluation,0.5,0.75,0.0,110.63244160457397,436.8222882035208,97.27245951801139,0.0,0.2950092959770456,0.0,25.32664760755728,0.31383967657132517,96.95861984144007
evaluation,0.5,0.75,0.025,65.9004731804889,436.8222882035208,174.7542536987586,0.0,0.2950778863834112,0.0290351077334472,15.086334868926162,0.2830242326063447,174.47122946615224
evaluation,0.5,0.75,0.05,44.25833882705525,436.8222882035208,277.780238032301,0.0,0.2950852536876824,0.0959434520047654,10.131886586893833,0.21185298051374152,277.56838505178723
evaluation,0.5,0.75,0.1,25.817615054727238,436.8222882035208,512.1060259729655,0.0,0.2950852536878199,0.1937920398583001,5.910324576363763,0.10775873811651043,511.99826723484904
evaluation,0.5,0.75,0.2,13.552463102322601,436.8222882035208,1007.918895127605,0.0,0.2950852536878071,0.2027457502304728,3.10251181505838,0.09823351431631305,1007.8206616132886
evaluation,0.5,0.75,0.4,11.611864477015118,436.8222882035208,2023.301772411758,0.0,0.2950852536878087,0.2027457502304922,2.6582582415311666,0.09823351431629414,2023.2035388974418
evaluation,1.0,0.25,0.0,22.665365049720148,145.60742940116907,19.811932880716906,0.0,0.2819190930068818,0.3114819630730877,15.56607732375651,-0.027789097862233537,19.83972197857914
evaluation,1.0,0.25,0.025,0.2915718668383576,145.60742940116907,122.28789854297298,0.0,0.5150284178958752,0.470638942853727,0.2002451853160843,0.04722284578951935,122.24067569718346
evaluation,1.0,0.25,0.05,3.790611773796713e-10,145.60742940116907,249.28848163989437,0.0,0.5150284178959418,0.4842485834101144,2.6033093155933965e-10,0.03274450477215679,249.25573713512222
evaluation,1.0,0.25,0.1,3.775996884357506e-10,145.60742940116907,503.77837026785613,0.0,0.5150284178959427,0.484248583410149,2.593272128961291e-10,0.032744504772120944,503.74562576308404
evaluation,1.0,0.25,0.2,3.776972607003847e-10,145.60742940116907,1012.4980046109865,0.0,0.5150284178959427,0.484248583410149,2.5939422339486215e-10,0.032744504772120944,1012.4652601062144
evaluation,1.0,0.25,0.4,3.776972607003847e-10,145.60742940116907,2029.8980046109866,0.0,0.5150284178959427,0.484248583410149,2.5939422339486215e-10,0.032744504772120944,2029.8652601062145
evaluation,1.0,0.5,0.0,52.19456749876658,291.21485880233814,47.287342594400606,0.0,0.5224498378572145,0.18383418852943,17.923044075918394,0.3602294141784942,46.927113180222115
evaluation,1.0,0.5,0.025,15.527320129579127,291.21485880233814,133.86902009038135,0.0,0.5300557829357306,0.3740502081418849,5.331912043718306,0.16596337744026143,133.7030567129411
evaluation,1.0,0.5,0.05,4.453657087033872,291.21485880233814,248.80187238548174,0.0,0.5300568357917815,0.441277885707449,1.5293371723373457,0.09444569157907715,248.70742669390268
evaluation,1.0,0.5,0.1,0.5268960096998924,291.21485880233814,499.1577385655384,0.0,0.5300568357918433,0.4684971668202155,0.18093033160012026,0.06548900954428483,499.0922495559941
evaluation,1.0,0.5,0.2,3.770488362072845e-10,291.21485880233814,1007.5567405357149,0.0,0.5300568357918409,0.4684971668203005,1.2947444981274328e-10,0.06548900954419193,1007.4912515261707
evaluation,1.0,0.5,0.4,3.772563155775963e-10,291.21485880233814,2024.9960092219753,0.0,0.5300568357918409,0.4684971668203006,1.2954569596109062e-10,0.06548900954419182,2024.9305202124312
evaluation,1.0,0.75,0.0,87.82039723234973,436.8222882035208,79.869010659132,0.0,0.5441466553696007,0.0948059439625454,20.104376448720295,0.478022033411761,79.39098862572024
evaluation,1.0,0.75,0.025,43.216102624346654,436.8222882035208,157.35106454642528,0.0,0.5450774163673696,0.2725518247766719,9.893291572203784,0.28992084211776353,157.0611437043075
evaluation,1.0,0.75,0.05,22.517634846960746,436.8222882035208,261.48007309470853,0.0,0.5450852536608787,0.3459432561460276,5.154873149803543,0.21185318884558627,261.26821990586296
evaluation,1.0,0.75,0.1,9.092096462611021,436.8222882035208,501.292110767519,0.0,0.5450852536877523,0.4437920398197271,2.0814177087902856,0.10775873815747362,501.1843520293615
evaluation,1.0,0.75,0.2,2.4834014282893264,436.8222882035208,1003.3244257661856,0.0,0.5450852536877705,0.4527457502304257,0.5685152739120948,0.09823351431632428,1003.2261922518693
evaluation,1.0,0.75,0.4,1.8232936651611529,436.8222882035208,2020.1135369198612,0.0,0.5450852536877707,0.4527457502304648,0.41739941262146824,0.09823351431628288,2020.015303405545
evaluation,2.0,0.25,0.0,19.29051112816469,145.60742940116907,15.716397795971595,0.0,0.2819190930068818,0.811481963073149,13.248301413945441,-0.4977890978622912,16.214186893833887
evaluation,2.0,0.25,0.025,7.062565971493109e-10,145.60742940116907,121.96853130058564,0.0,1.0150284178959472,0.9706389428537122,4.850415944116931e-10,0.04722284578961171,121.92130845479603
evaluation,2.0,0.25,0.05,7.521325480832492e-10,145.60742940116907,249.2884816398952,0.0,1.0150284178959648,0.984248583410112,5.165481948115556e-10,0.03274450477218378,249.255737135123
evaluation,2.0,0.25,0.1,7.579725517350442e-10,145.60742940116907,503.7783702678579,0.0,1.0150284178959672,0.9842485834101442,5.205589816758063e-10,0.03274450477215213,503.74562576308574
evaluation,2.0,0.25,0.2,7.569355358865916e-10,145.60742940116907,1012.4980046109895,0.0,1.0150284178959672,0.9842485834101444,5.198467818569388e-10,0.03274450477215189,1012.4652601062173
evaluation,2.0,0.25,0.4,7.569355358865916e-10,145.60742940116907,2029.8980046109896,0.0,1.0150284178959672,0.9842485834101444,5.198467818569388e-10,0.03274450477215189,2029.8652601062174
evaluation,2.0,0.5,0.0,45.330730099440295,291.21485880233814,39.62386576143381,0.0,0.5638381860137637,0.6229639261461755,15.56607732375651,-0.055578195724467074,39.67944395715828
evaluation,2.0,0.5,0.025,9.442158267417796,291.21485880233814,127.28029513861333,0.0,1.030055782935742,0.8740502081418685,3.2423339613404316,0.1659633774402909,127.11433176117303
evaluation,2.0,0.5,0.05,0.5831437336767153,291.21485880233814,244.575797085946,0.0,1.0300568357917503,0.941277885707454,0.20024518531608435,0.0944456915790387,244.48135139436695
evaluation,2.0,0.5,0.1,7.581223547593426e-10,291.21485880233814,498.57696327978874,0.0,1.0300568357918836,0.9684971668202288,2.6033093155933965e-10,0.06548900954431358,498.51147427024443
evaluation,2.0,0.5,0.2,7.551993768715012e-10,291.21485880233814,1007.5567405357123,0.0,1.0300568357918851,0.968497166820298,2.593272128961291e-10,0.06548900954424165,1007.4912515261681
evaluation,2.0,0.5,0.4,7.553945214007694e-10,291.21485880233814,2024.996009221973,0.0,1.0300568357918851,0.968497166820298,2.5939422339486215e-10,0.06548900954424165,2024.9305202124287
evaluation,2.0,0.75,0.0,73.90244698909623,436.8222882035208,66.12735960863682,0.0,0.845757279020712,0.4344458892194077,16.91819510699147,0.4375653082992599,65.68979430033757
evaluation,2.0,0.75,0.025,30.203283740136797,436.8222882035208,144.99330274120118,0.0,1.0450772781460071,0.772535512897634,6.914318375179776,0.2899380481365672,144.7033646930646
evaluation,2.0,0.75,0.05,11.213851589786232,436.8222882035208,250.97635737711204,0.0,1.0450852536608983,0.8459432561459928,2.5671427243111644,0.21185318884564425,250.7645041882664
evaluation,2.0,0.75,0.1,1.5844100864545707,436.8222882035208,494.81367641350454,0.0,1.0450852536878164,0.9437920398196992,0.3627127390799195,0.10775873815757148,494.70591767534694
evaluation,2.0,0.75,0.2,7.516102140820925e-10,436.8222882035208,1002.3580602404514,0.0,1.0450852536878663,0.9527457502304651,1.720631557453653e-10,0.09823351431638422,1002.2598267261351
evaluation,2.0,0.75,0.4,7.555332864584848e-10,436.8222882035208,2019.8689988858578,0.0,1.0450852536878663,0.9527457502304538,1.7296124919946223e-10,0.09823351431639626,2019.7707653715413
evaluation,4.0,0.25,0.0,16.774303748916875,145.60742940116907,12.069585059973233,0.0,0.2819190930068818,1.811481963073179,11.52022518212398,-1.4377890978623193,13.507374157835553
evaluation,4.0,0.25,0.025,1.5218595922197615e-09,145.60742940116907,121.96853130072745,0.0,2.0150284178958717,1.9706389428541096,1.0451799049530796e-09,0.04722284578910869,121.92130845493834
evaluation,4.0,0.25,0.05,1.4930706357013637e-09,145.60742940116907,249.2884816398961,0.0,2.015028417895884,1.9842485834100565,1.0254082788507602e-09,0.03274450477215709,249.25573713512395
evaluation,4.0,0.25,0.1,1.5089759439850849e-09,145.60742940116907,503.7783702678527,0.0,2.015028417895888,1.9842485834101768,1.0363316969408495e-09,0.03274450477203331,503.7456257630807
evaluation,4.0,0.25,0.2,1.511139874275376e-09,145.60742940116907,1012.4980046109835,0.0,2.015028417895888,1.9842485834101768,1.037817836967626e-09,0.03274450477203331,1012.4652601062114
evaluation,4.0,0.25,0.4,1.511139874275376e-09,145.60742940116907,2029.8980046109837,0.0,2.015028417895888,1.9842485834101768,1.037817836967626e-09,0.03274450477203331,2029.8652601062117
evaluation,4.0,0.5,0.0,38.58102225632938,291.21485880233814,31.432795591943194,0.0,0.5638381860137637,1.622963926146298,13.248301413945441,-0.9955781957245822,32.42837378766777
evaluation,4.0,0.5,0.025,4.756269504958639,291.21485880233814,122.19975569133014,0.0,2.0300557829351376,1.87405020814222,1.6332509695828925,0.1659633774392741,122.03379231389087
evaluation,4.0,0.5,0.05,1.4125131942986218e-09,291.21485880233814,243.93706260117128,0.0,2.0300568357918944,1.9412778857074244,4.850415944116931e-10,0.09444569157922342,243.84261690959207
evaluation,4.0,0.5,0.1,1.5042650961664981e-09,291.21485880233814,498.5769632797904,0.0,2.030056835791929,1.968497166820224,5.165481948115556e-10,0.0654890095443671,498.511474270246
evaluation,4.0,0.5,0.2,1.5159451034700882e-09,291.21485880233814,1007.5567405357158,0.0,2.0300568357919344,1.9684971668202884,5.205589816758062e-10,0.06548900954430426,1007.4912515261715
evaluation,4.0,0.5,0.4,1.5138710717731831e-09,291.21485880233814,2024.996009221979,0.0,2.0300568357919344,1.9684971668202889,5.198467818569388e-10,0.06548900954430378,2024.9305202124347
evaluation,4.0,0.75,0.0,64.06674857996944,436.8222882035208,54.69621898755613,0.0,0.845757279020712,1.434445889219415,14.666547543498963,-0.5533672935867808,55.24958628114291
evaluation,4.0,0.75,0.025,21.72333817808162,436.8222882035208,135.8983653658352,0.0,2.045077277206931,1.7725355128980758,4.97303795266977,0.28993804713708027,135.60842731869812
evaluation,4.0,0.75,0.05,4.576318697987582,436.8222882035208,243.7542473395031,0.0,2.045085253660888,1.8459432561460267,1.0476385526956948,0.21185318884559723,243.54239415065751
evaluation,4.0,0.75,0.1,1.474891304021291e-09,436.8222882035208,493.07556762742837,0.0,2.0450852536878643,1.9437920398197484,3.37641037064968e-10,0.10775873815757017,492.9678088892708
evaluation,4.0,0.75,0.2,1.517790941331187e-09,436.8222882035208,1002.358060240442,0.0,2.0450852536878474,1.952745750230492,3.4746188148349007e-10,0.09823351431633567,1002.2598267261257
evaluation,4.0,0.75,0.4,1.5149366831159588e-09,436.8222882035208,2019.8689988858664,0.0,2.0450852536878497,1.952745750230434,3.468084674310692e-10,0.09823351431639969,2019.77076537155
evaluation,8.0,0.25,0.0,14.912613358570567,145.60742940116907,8.078414998109698,0.0,0.2819190930068818,3.811481963073604,10.241656912631983,-3.3177890978627187,11.396204095972417
evaluation,8.0,0.25,0.025,2.887247383005492e-09,145.60742940116907,121.96853130072822,0.0,4.0150284178958,3.9706389428541393,1.9828983966544156e-09,0.047222845789000496,121.92130845493922
evaluation,8.0,0.25,0.05,3.032672916565994e-09,145.60742940116907,249.28848163995966,0.0,4.015028417895814,3.984248583410024,2.0827734745667068e-09,0.03274450477211717,249.25573713518753
evaluation,8.0,0.25,0.1,3.016130777643784e-09,145.60742940116907,503.77837026784124,0.0,4.015028417895811,3.984248583410088,2.071412695113185e-09,0.0327445047720463,503.7456257630692
evaluation,8.0,0.25,0.2,3.0181269887289806e-09,145.60742940116907,1012.4980046109722,0.0,4.015028417895811,3.984248583410088,2.0727836492557077e-09,0.0327445047720463,1012.4652601062002
evaluation,8.0,0.25,0.4,3.0181269887289806e-09,145.60742940116907,2029.8980046109725,0.0,4.015028417895811,3.984248583410088,2.0727836492557077e-09,0.0327445047720463,2029.8652601062004
evaluation,8.0,0.5,0.0,33.54860749783376,291.21485880233814,24.13917011994647,0.0,0.5638381860137637,3.622963926146358,11.520225182123982,-2.8755781957246387,27.01474831567111
evaluation,8.0,0.5,0.025,1.8412244133209534,291.21485880233814,119.04119298150385,0.0,4.030055457485694,3.8740502081423456,0.6322563418958931,0.16596303121632783,118.87522995028753
evaluation,8.0,0.5,0.05,3.043719184439523e-09,291.21485880233814,243.93706260145493,0.0,4.030056835791743,3.94127788570822,1.0451799049530796e-09,0.09444569157821547,243.8426169098767
evaluation,8.0,0.5,0.1,2.9861412714027274e-09,291.21485880233814,498.5769632797922,0.0,4.030056835791768,3.968497166820113,1.0254082788507602e-09,0.06548900954431418,498.5114742702479
evaluation,8.0,0.5,0.2,3.0179518879701698e-09,291.21485880233814,1007.5567405357054,0.0,4.030056835791775,3.968497166820353,1.0363316969408495e-09,0.06548900954406663,1007.4912515261614
evaluation,8.0,0.5,0.4,3.022279748550752e-09,291.21485880233814,2024.996009221967,0.0,4.030056835791775,3.968497166820353,1.037817836967626e-09,0.06548900954406663,2024.9305202124228
evaluation,8.0,0.75,0.0,54.74189193175858,436.8222882035208,42.81317248125312,0.0,0.845757279020712,3.434445889219448,12.53184496534977,-2.433367293586812,45.24653977483993
evaluation,8.0,0.75,0.025,14.53916215778169,436.8222882035208,127.30052720552438,0.0,3.1675808119013604,3.772535512898051,3.3283929301262476,-0.5686574189368893,127.86918462446127
evaluation,8.0,0.75,0.05,0.9377739536522633,436.8222882035208,239.78284176258526,0.0,4.04508525366101,3.8459432561468314,0.21468088487630996,0.21185318884487064,239.57098857374038
evaluation,8.0,0.75,0.1,2.9162646511685298e-09,436.8222882035208,493.0755676274243,0.0,4.045085253687569,3.943792039819496,6.676089407346831e-10,0.10775873815752458,492.96780888926673
evaluation,8.0,0.75,0.2,3.0218214179598177e-09,436.8222882035208,1002.3580602404281,0.0,4.045085253687436,3.9527457502302377,6.917736341676581e-10,0.0982335143161682,1002.259826726112
evaluation,8.0,0.75,0.4,3.0170765021863585e-09,436.8222882035208,2019.868998885869,0.0,4.045085253687436,3.9527457502302896,6.906873993528155e-10,0.09823351431611292,2019.770765371553
