source,capacity_mwh,supply_mw,variant,deficit_mwh,request_mwh,hydrogen_energy_mwh,deficit_pct
Belgium,2.0,0.025,fast_feedback,135.94667993511294,1088.483630651736,369.13973971357314,12.489547486691562
Belgium,2.0,0.025,high_signal,192.71432321472028,1286.2592394335215,407.6596519743286,14.982541412071267
Belgium,2.0,0.025,low_signal,85.34298838321506,878.1139475773552,308.26438389426545,9.718896803617502
Belgium,2.0,0.025,reference,134.13428691196773,1088.483630651736,362.40393820426436,12.32304125985377
Belgium,2.0,0.025,slow_feedback,142.11800355785175,1088.483630651736,331.8407751535212,13.05651270775269
Belgium,2.0,0.05,fast_feedback,102.95066136514747,1088.483630651736,459.77274346659584,9.458172678582695
Belgium,2.0,0.05,high_signal,157.2132350694956,1286.2592394335215,493.7453294434907,12.22251551240429
Belgium,2.0,0.05,low_signal,57.26575555173284,878.1139475773552,405.0967094048952,6.521449261764306
Belgium,2.0,0.05,reference,103.17210358876949,1088.483630651736,454.17901132445377,9.47851678090874
Belgium,2.0,0.05,slow_feedback,115.88925249092496,1088.483630651736,426.8383371454177,10.646853037333743
Belgium,2.0,0.1,fast_feedback,56.603607833531456,1088.483630651736,661.9758777122672,5.200225914250977
Belgium,2.0,0.1,high_signal,105.96799728698409,1286.2592394335215,687.7798046998869,8.238463447979056
Belgium,2.0,0.1,low_signal,24.562272893236646,878.1139475773552,623.9520088035692,2.7971623683921605
Belgium,2.0,0.1,reference,58.68651235629184,1088.483630651736,658.2547165793819,5.391584283279754
Belgium,2.0,0.1,slow_feedback,78.97539798409578,1088.483630651736,637.6902251052743,7.255543010491467
Belgium,2.0,0.2,fast_feedback,22.09161109898825,1088.483630651736,1132.5064835198739,2.0295767870905665
Belgium,2.0,0.2,high_signal,57.587360962420846,1286.2592394335215,1137.9371203043247,4.477119323767327
Belgium,2.0,0.2,low_signal,7.430112759785122,878.1139475773552,1113.5398220634515,0.8461444873167312
Belgium,2.0,0.2,reference,25.479355217822313,1088.483630651736,1128.317661506332,2.34081197919039
Belgium,2.0,0.2,slow_feedback,51.1447829159026,1088.483630651736,1113.0683734296788,4.698718609601816
Belgium,4.0,0.025,fast_feedback,83.4095057577684,1088.483630651736,329.78252036234693,7.662908601374784
Belgium,4.0,0.025,high_signal,116.60642819632409,1286.2592394335215,371.51589611477743,9.065546401647499
Belgium,4.0,0.025,low_signal,51.29683939330153,878.1139475773552,279.12406589705756,5.841706481809716
Belgium,4.0,0.025,reference,82.62857052475394,1088.483630651736,327.545433230388,7.591163357714402
Belgium,4.0,0.025,slow_feedback,80.39131462934753,1088.483630651736,320.2269440148812,7.385624585021344
Belgium,4.0,0.05,fast_feedback,57.0238307474689,1088.483630651736,429.2117833511943,5.238832182834532
Belgium,4.0,0.05,high_signal,87.21492067696002,1286.2592394335215,467.1912432735877,6.780508781058019
Belgium,4.0,0.05,low_signal,29.929849399344693,878.1139475773552,384.12819443736385,3.408424326013578
Belgium,4.0,0.05,reference,56.742971315643565,1088.483630651736,427.3146828461413,5.213029366520503
Belgium,4.0,0.05,slow_feedback,55.600999146475885,1088.483630651736,421.1844899150816,5.108115324911636
Belgium,4.0,0.1,fast_feedback,24.933660316274725,1088.483630651736,649.9138821236277,2.2906784828124196
Belgium,4.0,0.1,high_signal,46.70649209337147,1286.2592394335215,677.8503566977024,3.6311880732488553
Belgium,4.0,0.1,low_signal,7.9486443250995436,878.1139475773552,615.5300575693689,0.9051950885223045
Belgium,4.0,0.1,reference,25.230155772150887,1088.483630651736,648.2780245279199,2.3179177951481167
Belgium,4.0,0.1,slow_feedback,25.73212736011013,1088.483630651736,643.5399019461547,2.3640343901821352
Belgium,4.0,0.2,fast_feedback,4.4141325966907745,1088.483630651736,1137.8162910744895,0.4055304528601672
Belgium,4.0,0.2,high_signal,13.574819741324864,1286.2592394335215,1150.3439570453743,1.055371990742964
Belgium,4.0,0.2,low_signal,0.36938297677420956,878.1139475773552,1115.9520699998952,0.04206549477927176
Belgium,4.0,0.2,reference,4.881758414997136,1088.483630651736,1135.2650563361788,0.4484916702030837
Belgium,4.0,0.2,slow_feedback,7.087622100051508,1088.483630651736,1130.966374974319,0.6511464114354897
Belgium,8.0,0.025,fast_feedback,49.97719689507094,1088.483630651736,297.26193297305974,4.591451399700591
Belgium,8.0,0.025,high_signal,71.06826225461366,1286.2592394335215,333.55622040002015,5.52518964107987
Belgium,8.0,0.025,low_signal,29.32119039135452,878.1139475773552,255.04360487883716,3.3391099722592146
Belgium,8.0,0.025,reference,49.62468794344877,1088.483630651736,296.51138239848814,4.559066075595064
Belgium,8.0,0.025,slow_feedback,48.25420624172831,1088.483630651736,293.9762469926627,4.433158651438408
Belgium,8.0,0.05,fast_feedback,28.19651706985097,1088.483630651736,403.2340695810135,2.5904401569151885
Belgium,8.0,0.05,high_signal,46.44167926410929,1286.2592394335215,435.7028470464398,3.610600246071901
Belgium,8.0,0.05,low_signal,13.78614663177897,878.1139475773552,367.3356564405277,1.5699724016243932
Belgium,8.0,0.05,reference,28.03664596176155,1088.483630651736,402.47038701667077,2.5757526500398034
Belgium,8.0,0.05,slow_feedback,27.012960444782784,1088.483630651736,399.96133454734206,2.481705712800533
Belgium,8.0,0.1,fast_feedback,6.905132149647577,1088.483630651736,636.2717021278204,0.6343808905525836
Belgium,8.0,0.1,high_signal,17.402999688793532,1286.2592394335215,660.6453585025254,1.3529931723917448
Belgium,8.0,0.1,low_signal,1.1388975850413887,878.1139475773552,608.8099753834889,0.1296981545713417
Belgium,8.0,0.1,reference,6.832762949632643,1088.483630651736,635.2731901651914,0.6277322650724189
Belgium,8.0,0.1,slow_feedback,6.53387656440482,1088.483630651736,632.9612911926519,0.6002732958411716
Belgium,8.0,0.2,fast_feedback,3.1019517711909803e-09,1088.483630651736,1139.245413521978,2.849791842375864e-10
Belgium,8.0,0.2,high_signal,1.5455637883791937,1286.2592394335215,1152.7728503881344,0.12015958688544556
Belgium,8.0,0.2,low_signal,3.1153789203551696e-09,878.1139475773552,1116.2920044979012,3.54780712565863e-10
Belgium,8.0,0.2,reference,3.1116548472432543e-09,1088.483630651736,1137.0646708616205,2.858706148277244e-10
Belgium,8.0,0.2,slow_feedback,3.1524737676781404e-09,1088.483630651736,1133.4967517624355,2.8962068688075526e-10
Germany_seconds,2.0,0.025,fast_feedback,30.40315407934588,436.8222882035208,145.27618804854882,6.960073901993911
Germany_seconds,2.0,0.025,high_signal,43.868558709245335,519.7653124058178,158.449803434965,8.440070482232187
Germany_seconds,2.0,0.025,low_signal,17.043669306116062,350.82359850720206,133.07566155142624,4.858187812518596
Germany_seconds,2.0,0.025,reference,30.20328374013683,436.8222882035208,144.99330274120118,6.914318375179783
Germany_seconds,2.0,0.025,slow_feedback,29.86180448753781,436.8222882035208,144.08424146421243,6.836144879499563
Germany_seconds,2.0,0.05,fast_feedback,11.174628834826633,436.8222882035208,250.8670273689898,2.5581636140370745
Germany_seconds,2.0,0.05,high_signal,21.156684284445603,519.7653124058178,260.0930048758336,4.070430207533179
Germany_seconds,2.0,0.05,low_signal,3.716749412409476,350.82359850720206,245.3553424845342,1.0594354052078325
Germany_seconds,2.0,0.05,reference,11.213851589786232,436.8222882035208,250.97635737711204,2.5671427243111644
Germany_seconds,2.0,0.05,slow_feedback,11.643940994671718,436.8222882035208,251.11540947524554,2.6656013919433215
Germany_seconds,2.0,0.1,fast_feedback,1.396680363390306,436.8222882035208,494.40871394524737,0.31973651553685734
Germany_seconds,2.0,0.1,high_signal,4.679178156976647,519.7653124058178,496.27860945832725,0.9002482553747795
Germany_seconds,2.0,0.1,low_signal,7.504349291583259e-10,350.82359850720206,495.85325400641545,2.1390662781851611e-10
Germany_seconds,2.0,0.1,reference,1.5844100864545703,436.8222882035208,494.81367641350454,0.36271273907991947
Germany_seconds,2.0,0.1,slow_feedback,2.5140053178242634,436.8222882035208,495.57733674798277,0.5755213013885769
Germany_seconds,2.0,0.2,fast_feedback,7.505380678982506e-10,436.8222882035208,1002.4951853475943,1.7181771355690664e-10
Germany_seconds,2.0,0.2,high_signal,0.18999099501307226,519.7653124058178,1000.6944824585173,0.036553227096604086
Germany_seconds,2.0,0.2,low_signal,7.522313014827735e-10,350.82359850720206,1004.9660500561923,2.1441867214281222e-10
Germany_seconds,2.0,0.2,reference,7.516102037714502e-10,436.8222882035208,1002.3580602404514,1.720631533849907e-10
Germany_seconds,2.0,0.2,slow_feedback,0.31265038464884437,436.8222882035208,1002.0159033726999,0.07157381687977807
Germany_seconds,4.0,0.025,fast_feedback,21.839848363905116,436.8222882035208,136.0956126613161,4.9997101690309504
Germany_seconds,4.0,0.025,high_signal,32.31569980175757,519.7653124058178,146.2587008925486,6.217363689042489
Germany_seconds,4.0,0.025,low_signal,11.180301479994405,350.82359850720206,126.75517954609359,3.18687269829281
Germany_seconds,4.0,0.025,reference,21.72333817808162,436.8222882035208,135.8983653658352,4.97303795266977
Germany_seconds,4.0,0.025,slow_feedback,21.35358811234811,436.8222882035208,135.38336911753672,4.888392531472482
Germany_seconds,4.0,0.05,fast_feedback,4.592072387387589,436.8222882035208,243.72411017615366,1.0512449825472472
Germany_seconds,4.0,0.05,high_signal,12.106958650962842,519.7653124058178,250.6566582457125,2.329312549720532
Germany_seconds,4.0,0.05,low_signal,0.1412750989562745,350.82359850720206,241.47764226630832,0.0402695541455642
Germany_seconds,4.0,0.05,reference,4.576318697987603,436.8222882035208,243.75424733950325,1.0476385526956997
Germany_seconds,4.0,0.05,slow_feedback,4.652557167660937,436.8222882035208,243.99012858150712,1.0650915242432077
Germany_seconds,4.0,0.1,fast_feedback,1.4587087063882838e-09,436.8222882035208,492.88388433664227,3.339364189467946e-10
Germany_seconds,4.0,0.1,high_signal,1.4565500143934862e-09,519.7653124058178,491.5470979105359,2.80232247060045e-10
Germany_seconds,4.0,0.1,low_signal,1.4890368143584871e-09,350.82359850720206,495.8532540064279,4.244403229128609e-10
Germany_seconds,4.0,0.1,reference,1.4748945344546075e-09,436.8222882035208,493.07556762742837,3.376417765952996e-10
Germany_seconds,4.0,0.1,slow_feedback,1.4900315729490135e-09,436.8222882035208,493.3190921998919,3.4110703899220214e-10
Germany_seconds,4.0,0.2,fast_feedback,1.536291836955349e-09,436.8222882035208,1002.4951853475708,3.5169721839824525e-10
Germany_seconds,4.0,0.2,high_signal,1.523230490982905e-09,519.7653124058178,1000.8660026230712,2.930612056299768e-10
Germany_seconds,4.0,0.2,low_signal,1.5109040819237223e-09,350.82359850720206,1004.9660500561932,4.3067344624272897e-10
Germany_seconds,4.0,0.2,reference,1.517789873675273e-09,436.8222882035208,1002.358060240442,3.4746163706924137e-10
Germany_seconds,4.0,0.2,slow_feedback,1.4969144635449528e-09,436.8222882035208,1002.1759180416049,3.426827119333073e-10
Germany_seconds,8.0,0.025,fast_feedback,14.593469660125947,436.8222882035208,127.45428000949552,3.3408253320001546
Germany_seconds,8.0,0.025,high_signal,23.97563809443561,519.7653124058178,136.47855933782674,4.612781484678247
Germany_seconds,8.0,0.025,low_signal,6.91494493286658,350.82359850720206,121.24329228891725,1.9710603740143275
Germany_seconds,8.0,0.025,reference,14.539162157781675,436.8222882035208,127.30052720552457,3.3283929301262445
Germany_seconds,8.0,0.025,slow_feedback,14.510982302824289,436.8222882035208,126.94649958410315,3.321941827305168
Germany_seconds,8.0,0.05,fast_feedback,0.9301450367349232,436.8222882035208,239.7353302353241,0.2129344270779419
Germany_seconds,8.0,0.05,high_signal,4.839175667035036,519.7653124058178,242.74424441437978,0.9310309002030415
Germany_seconds,8.0,0.05,low_signal,3.0198071436387727e-09,350.82359850720206,241.3232525897483,8.607765146040422e-10
Germany_seconds,8.0,0.05,reference,0.9377739536522637,436.8222882035208,239.78284176258546,0.21468088487631
Germany_seconds,8.0,0.05,slow_feedback,0.9852325853095893,436.8222882035208,239.9692267593643,0.22554540185242505
Germany_seconds,8.0,0.1,fast_feedback,2.8462027984737885e-09,436.8222882035208,492.8838843366369,6.51569957700443e-10
Germany_seconds,8.0,0.1,high_signal,2.851398286001814e-09,519.7653124058178,491.54709791054495,5.485934166717776e-10
Germany_seconds,8.0,0.1,low_signal,2.9650707359005685e-09,350.82359850720206,495.85325400641756,8.451742552431799e-10
Germany_seconds,8.0,0.1,reference,2.916264244412477e-09,436.8222882035208,493.0755676274243,6.676088476176275e-10
Germany_seconds,8.0,0.1,slow_feedback,2.967082058368415e-09,436.8222882035208,493.3190921998851,6.792423689209777e-10
Germany_seconds,8.0,0.2,fast_feedback,3.021878327878301e-09,436.8222882035208,1002.4951853475756,6.917866623303733e-10
Germany_seconds,8.0,0.2,high_signal,3.008257022652811e-09,519.7653124058178,1000.8660026230626,5.787721786836076e-10
Germany_seconds,8.0,0.2,low_signal,3.0200323400236036e-09,350.82359850720206,1004.9660500561779,8.608407053784911e-10
Germany_seconds,8.0,0.2,reference,3.021821126063676e-09,436.8222882035208,1002.3580602404281,6.917735673450281e-10
Germany_seconds,8.0,0.2,slow_feedback,2.9978539635479784e-09,436.8222882035208,1002.1759180416036,6.862868595549415e-10
