source,capacity_mwh,supply_mw,tau_hours,oracle_zero_deficit,causal_zero_deficit,classification,causal_deficit_pct,causal_deficit_mwh,terminal_mwh,hydrogen_input_mwh,upward_deficit_mwh,downward_deficit_mwh,drawdown_mwh,unavoidable_deficit_lower_mwh,deficit_lower_pct,witness_start_index,witness_end_index
Germany_seconds,0.5,0.0,0.25,False,False,physically_infeasible,25.708671711304724,112.30120803555197,0.0,103.61234066728252,110.52060793841127,1.7806000971489317,49.15471195544288,45.7354292381163,10.470031056888624,244613,4816637
Germany_seconds,0.5,0.0,1.0,False,False,physically_infeasible,25.32664853130227,110.63244563920483,0.0,97.2285134723043,106.71741654779426,3.915029091413133,49.15471195544288,45.7354292381163,10.470031056888624,244613,4816637
Germany_seconds,0.5,0.0,4.0,False,False,physically_infeasible,30.52553406337119,133.34233638136885,0.0,59.83843313370319,98.8105618168776,34.531774564434315,49.15471195544288,45.7354292381163,10.470031056888624,244613,4816637
Germany_seconds,0.5,0.025,0.25,False,False,physically_infeasible,14.932405019862783,65.22807329129127,0.01866959527950393,178.90059446141555,63.313885577216176,1.9141877141058952,19.44039390483902,17.803970270548678,4.075792548005919,308154,3483018
Germany_seconds,0.5,0.025,1.0,False,False,physically_infeasible,15.08633488730296,65.9004732604691,0.02903510773344728,174.7098736410288,61.56207676439662,4.338396496101164,19.44039390483902,17.803970270548678,4.075792548005919,308154,3483018
Germany_seconds,0.5,0.025,4.0,False,False,physically_infeasible,22.133453880919376,96.68385970067204,0.07223922117117171,139.73687518164343,58.493490074851834,38.19036962586392,19.44039390483902,17.803970270548678,4.075792548005919,308154,3483018
Germany_seconds,0.5,0.05,0.25,False,False,physically_infeasible,9.545192912340402,41.695530092939784,0.07862430763398616,280.02427563778235,39.70585225312341,1.9896778398481398,4.981488773146077,4.212599446757312,0.9643737420315395,308226,1074119
Germany_seconds,0.5,0.05,1.0,False,False,physically_infeasible,10.13188658974335,44.258338839305296,0.09594345200476546,277.7360499724012,39.68936039962055,4.568978439715824,4.981488773146077,4.212599446757312,0.9643737420315395,308226,1074119
Germany_seconds,0.5,0.05,4.0,False,False,physically_infeasible,18.72618716917455,81.80015928529778,0.10644620159172137,248.78576161756817,42.60090700421002,39.19925228110891,4.981488773146077,4.212599446757312,0.9643737420315395,308226,1074119
Germany_seconds,0.5,0.1,0.25,False,False,physically_infeasible,4.824092598840775,21.072711675219033,0.21380395831210855,511.88152098827914,19.019408429815535,2.053303245436524,1.3823562252383468,0.8294148517240459,0.18987466393686134,635659,672768
Germany_seconds,0.5,0.1,1.0,False,False,physically_infeasible,5.910324576354018,25.817615054569586,0.19379203985830015,512.0618833869047,21.16388703121694,4.65372802338492,1.3823562252383468,0.8294148517240459,0.18987466393686134,635659,672768
Germany_seconds,0.5,0.1,4.0,False,False,physically_infeasible,17.995544071281298,78.6085473864936,0.10644620159172137,499.63032552045587,39.342013431162705,39.26653395534246,1.3823562252383468,0.8294148517240459,0.18987466393686134,635659,672768
Germany_seconds,0.5,0.2,0.25,False,False,physically_infeasible,1.6836135780555992,7.354399356134857,0.23261699232381475,1006.4382123987857,5.282648356492162,2.071750999678922,0.694307332958374,0.18264889298087153,0.041813089193055854,8584264,8593452
Germany_seconds,0.5,0.2,1.0,False,False,physically_infeasible,3.102511815033007,13.552463102151357,0.20274575023047287,1007.874752541567,8.877562853941505,4.6749002482463835,0.694307332958374,0.18264889298087153,0.041813089193055854,8584264,8593452
Germany_seconds,0.5,0.2,4.0,False,False,physically_infeasible,17.995544071281298,78.6085473864936,0.10644620159172137,1008.3303255204402,39.342013431162705,39.26653395534246,0.694307332958374,0.18264889298087153,0.041813089193055854,8584264,8593452
Germany_seconds,0.5,0.4,0.25,False,False,physically_infeasible,1.1782606925562953,5.1469053182041185,0.23261699231631605,2021.7081246978494,3.0740431223795874,2.0728621958617404,0.574840471917696,0.07035004360263428,0.01610495743984815,2466020,2472460
Germany_seconds,0.5,0.4,1.0,False,False,physically_infeasible,2.6582582415028417,11.611864476839628,0.20274575023049227,2023.2576298257202,6.9355612522134775,4.6763032246613765,0.574840471917696,0.07035004360263428,0.01610495743984815,2466020,2472460
Germany_seconds,0.5,0.4,4.0,False,False,physically_infeasible,17.995544071281298,78.6085473864936,0.10644620159172137,2025.730325520412,39.342013431162705,39.26653395534246,0.574840471917696,0.07035004360263428,0.01610495743984815,2466020,2472460
Germany_seconds,1.0,0.0,0.25,False,False,physically_infeasible,20.474773966230188,89.4383761433868,0.07665319818678035,82.20947465866298,89.0684652854709,0.36991085796950374,49.15471195544288,45.265429238116305,10.362435814453761,244613,4816637
Germany_seconds,1.0,0.0,1.0,False,False,physically_infeasible,20.10437644881705,87.82039723238093,0.09480594396254552,79.8259003773622,87.28002032834212,0.5403769040767674,49.15471195544288,45.265429238116305,10.362435814453761,244613,4816637
Germany_seconds,1.0,0.0,4.0,False,False,physically_infeasible,20.342221786530427,88.85935867896126,0.18487151556872647,68.63512422577077,82.4266621490503,6.432696529939525,49.15471195544288,45.265429238116305,10.362435814453761,244613,4816637
Germany_seconds,1.0,0.025,0.25,False,False,physically_infeasible,10.018182927087162,43.761655898321536,0.26053109130210583,158.43480999826173,43.15465686084041,0.6069990375668869,19.44039390483902,17.33397027054868,3.9681973055710555,308154,3483018
Germany_seconds,1.0,0.025,1.0,False,False,physically_infeasible,9.89329157218917,43.21610262409018,0.27255182477667195,157.30668486507784,42.390483431299636,0.8256191928769433,19.44039390483902,17.33397027054868,3.9681973055710555,308154,3483018
Germany_seconds,1.0,0.025,4.0,False,False,physically_infeasible,11.21093031589384,48.97184233457139,0.3302059745432891,148.87586002915234,40.96502011392899,8.006822220694676,19.44039390483902,17.33397027054868,3.9681973055710555,308154,3483018
Germany_seconds,1.0,0.05,0.25,False,False,physically_infeasible,5.092390983521398,22.24469881838879,0.3286243076338957,261.5795858172986,21.6060685003828,0.6386303181166514,4.981488773146077,3.742599446757312,0.8567784995966761,308226,1074119
Germany_seconds,1.0,0.05,1.0,False,False,physically_infeasible,5.154873149753871,22.517634846643396,0.34594325614602767,261.43588502136095,21.634235394661037,0.8833994520879588,4.981488773146077,3.742599446757312,0.8567784995966761,308226,1074119
Germany_seconds,1.0,0.05,4.0,False,False,physically_infeasible,7.116118244784096,31.084790547995553,0.36147328147664,255.71295426989647,22.716626598082215,8.368163949970924,4.981488773146077,3.742599446757312,0.8567784995966761,308226,1074119
Germany_seconds,1.0,0.1,0.25,False,False,physically_infeasible,1.8460956150848924,8.064157108202744,0.4638039583121111,500.43092644114324,7.425527232902826,0.6386298754123922,1.3823562252383468,0.35941485172404597,0.08227942150199816,635659,672768
Germany_seconds,1.0,0.1,1.0,False,False,physically_infeasible,2.0814177087204118,9.09209646226527,0.44379203981972715,501.2479681814539,8.207171555467026,0.884924906909347,1.3823562252383468,0.35941485172404597,0.08227942150199816,635659,672768
Germany_seconds,1.0,0.1,4.0,False,False,physically_infeasible,4.641813009138573,20.27647380055744,0.36175805940865985,498.2817927482781,11.811226520790818,8.465247279833433,1.3823562252383468,0.35941485172404597,0.08227942150199816,635659,672768
Germany_seconds,1.0,0.2,0.25,True,False,policy_avoidable,0.3752497851463812,1.6391746979479114,0.4826169923238154,1003.0013556660804,1.0005448598724072,0.6386298381364071,0.694307332958374,0.0,0.0,8584264,8593452
Germany_seconds,1.0,0.2,1.0,True,False,policy_avoidable,0.5685152738392308,2.4834014279599708,0.4527457502304257,1003.2802831801367,1.5984261747772737,0.8849752532769505,0.694307332958374,0.0,0.0,8584264,8593452
Germany_seconds,1.0,0.2,4.0,True,False,policy_avoidable,4.222499297900654,18.444818052385024,0.36175805899713454,1005.0434525817706,9.974613116421153,8.470204936031926,0.694307332958374,0.0,0.0,8584264,8593452
Germany_seconds,1.0,0.4,0.25,True,False,policy_avoidable,0.24320783684194808,1.0623860379785477,0.4826169923163113,2020.0515288142815,0.42375619994629404,0.6386298381380758,0.574840471917696,0.0,0.0,2466020,2472460
Germany_seconds,1.0,0.4,1.0,True,False,policy_avoidable,0.41739941256611973,1.8232936649112512,0.4527457502304648,2020.0693943338051,0.9383184087955108,0.8849752561799213,0.574840471917696,0.0,0.0,2466020,2472460
Germany_seconds,1.0,0.4,4.0,True,False,policy_avoidable,4.222499297900654,18.444818052385024,0.36175805899713454,2022.4434525817667,9.974613116421153,8.470204936031926,0.574840471917696,0.0,0.0,2466020,2472460
Germany_seconds,2.0,0.0,0.25,False,False,physically_infeasible,17.05170335573947,74.48564077588568,0.41061860351020896,67.16944840259458,74.4856407758816,1.5246435187899357e-10,49.15471195544288,44.3254292381163,10.147245329584035,244613,4816637
Germany_seconds,2.0,0.0,1.0,False,False,physically_infeasible,16.918195105778917,73.90244698347013,0.4344458892194076,66.28014746055763,73.90244698346588,1.5808440738764176e-10,49.15471195544288,44.3254292381163,10.147245329584035,244613,4816637
Germany_seconds,2.0,0.0,4.0,False,False,physically_infeasible,16.540098848415735,72.25083826045176,0.6325606347349936,63.61397686879238,72.1153931657976,0.13544509482104308,49.15471195544288,44.3254292381163,10.147245329584035,244613,4816637
Germany_seconds,2.0,0.025,0.25,False,False,physically_infeasible,6.960073901917653,30.403154078877247,0.7605310913021143,145.254310774771,30.403154078871022,2.920797624571515e-10,19.44039390483902,16.393970270548678,3.7530068207013287,308154,3483018
Germany_seconds,2.0,0.025,1.0,False,False,physically_infeasible,6.914318375095335,30.203283739633314,0.772535512897634,144.94892319583872,30.203283739627313,2.874433783785265e-10,19.44039390483902,16.393970270548678,3.7530068207013287,308154,3483018
Germany_seconds,2.0,0.025,4.0,False,False,physically_infeasible,6.83614487949651,29.861804487391368,0.8302010980747364,143.84603823952938,29.633351885732438,0.22845260193392863,19.44039390483902,16.393970270548678,3.7530068207013287,308154,3483018
Germany_seconds,2.0,0.05,0.25,False,False,physically_infeasible,2.5581636139073103,11.174628834209983,0.8286243076338844,250.84515035233514,11.174628834202608,3.722636127091898e-10,4.981488773146077,2.802599446757312,0.6415880147269497,308226,1074119
Germany_seconds,2.0,0.05,1.0,False,False,physically_infeasible,2.5671427241756968,11.213851589144491,0.8459432561459928,250.9321693037651,11.213851589137459,3.591335256467182e-10,4.981488773146077,2.802599446757312,0.6415880147269497,308226,1074119
Germany_seconds,2.0,0.05,4.0,False,False,physically_infeasible,2.6656013918128454,11.643940994049867,0.8614735310960532,250.87208908510073,11.392191615960936,0.2517493784237346,4.981488773146077,2.802599446757312,0.6415880147269497,308226,1074119
Germany_seconds,2.0,0.1,0.25,True,False,policy_avoidable,0.31973651548782656,1.396680363169903,0.9638039583119283,494.3868369389561,1.39668036287212,4.262656613386504e-10,1.3823562252383468,0.0,0.0,635659,672768
Germany_seconds,2.0,0.1,1.0,True,False,policy_avoidable,0.3627127390122703,1.5844100861520012,0.9437920398196993,494.769533827441,1.5844100859334778,3.9969213190424455e-10,1.3823562252383468,0.0,0.0,635659,672768
Germany_seconds,2.0,0.1,4.0,True,False,policy_avoidable,0.5755213012413993,2.5140053171701524,0.8617584573856272,495.3337720304727,2.262250869661543,0.25175444783019285,1.3823562252383468,0.0,0.0,635659,672768
Germany_seconds,2.0,0.2,0.25,True,True,causal_success,1.7182130986265917e-10,7.50553777359984e-10,0.9826169923238203,1002.4733083412868,3.5195332116858603e-10,3.986004561914808e-10,0.694307332958374,0.0,0.0,8584264,8593452
Germany_seconds,2.0,0.2,1.0,True,True,causal_success,1.7206249996363657e-10,7.516073494779892e-10,0.9527457502304651,1002.3139176544036,3.628921944408637e-10,3.887151550370539e-10,0.694307332958374,0.0,0.0,8584264,8593452
Germany_seconds,2.0,0.2,4.0,True,False,policy_avoidable,0.07157381687916935,0.3126503846447917,0.8617584646301879,1001.7723376392831,0.06089593681194404,0.2517544478345169,0.694307332958374,0.0,0.0,8584264,8593452
Germany_seconds,2.0,0.4,0.25,True,True,causal_success,1.7375366424568271e-10,7.589947319920709e-10,0.9826169923163136,2020.1554752478933,3.556421598483683e-10,4.033525721452944e-10,0.574840471917696,0.0,0.0,2466020,2472460
Germany_seconds,2.0,0.4,1.0,True,True,causal_success,1.7296081665469176e-10,7.555313970031532e-10,0.9527457502304538,2019.8248562998058,3.642547181103767e-10,3.912766788936522e-10,0.574840471917696,0.0,0.0,2466020,2472460
Germany_seconds,2.0,0.4,4.0,True,False,policy_avoidable,0.06772970816653524,0.2958584610053074,0.8617584646301879,2019.157699544046,0.044104013171359494,0.25175444783585127,0.574840471917696,0.0,0.0,2466020,2472460
Germany_seconds,4.0,0.0,0.25,False,False,physically_infeasible,14.650884452218408,63.998328705949056,1.410618603510234,56.01834866819452,63.998328705940544,2.916408492881718e-10,49.15471195544288,42.445429238116304,9.716864359844582,244613,4816637
Germany_seconds,4.0,0.0,1.0,False,False,physically_infeasible,14.563159926863847,63.61512842698128,1.434445889219415,55.364268149577015,63.61512842697253,2.9952985612400747e-10,49.15471195544288,42.445429238116304,9.716864359844582,244613,4816637
Germany_seconds,4.0,0.0,4.0,False,False,physically_infeasible,14.311813887423638,62.51719290619453,1.632560634734881,53.61004579246309,62.5171929061848,3.257019540623335e-10,49.15471195544288,42.445429238116304,9.716864359844582,244613,4816637
Germany_seconds,4.0,0.025,0.25,False,False,physically_infeasible,4.999710168798143,21.83984836279081,1.7605310913024712,136.0737353875378,21.839848362773573,7.565906921127729e-10,19.44039390483902,14.513970270548677,3.322625850961876,308154,3483018
Germany_seconds,4.0,0.025,1.0,False,False,physically_infeasible,4.973037952429186,21.723338176933858,1.7725355128980758,135.8539858213971,21.723338176918332,7.206106710727986e-10,19.44039390483902,14.513970270548677,3.322625850961876,308154,3483018
Germany_seconds,4.0,0.025,4.0,False,False,physically_infeasible,4.888392531314022,21.35358811156074,1.8302010980751953,135.14605653382512,21.353588111546184,6.838878026194605e-10,19.44039390483902,14.513970270548677,3.322625850961876,308154,3483018
Germany_seconds,4.0,0.05,0.25,False,False,physically_infeasible,1.0512449822949692,4.592072386265113,1.828624307633871,243.70223315949735,4.592072386194986,6.916815199935052e-10,4.981488773146077,0.922599446757312,0.21120704498749707,308226,1074119
Germany_seconds,4.0,0.05,1.0,False,False,physically_infeasible,1.0476385524299312,4.576318696806269,1.8459432561460267,243.7100592661558,4.576318696737417,6.787502087807441e-10,4.981488773146077,0.922599446757312,0.21120704498749707,308226,1074119
Germany_seconds,4.0,0.05,4.0,False,False,physically_infeasible,1.0650915239593635,4.652557166400304,1.8614735310961465,243.7468081914243,4.652557166380384,6.855664983317288e-10,4.981488773146077,0.922599446757312,0.21120704498749707,308226,1074119
Germany_seconds,4.0,0.1,0.25,True,True,causal_success,3.339456639957478e-10,1.4587490908161645e-09,1.9638039583119289,492.86200733035145,6.547182699563539e-10,8.040308208664174e-10,1.3823562252383468,0.0,0.0,635659,672768
Germany_seconds,4.0,0.1,1.0,True,True,causal_success,3.3761082569231056e-10,1.4747593340053776e-09,1.9437920398197484,493.03142504136537,6.9507826084541e-10,7.796810731674064e-10,1.3823562252383468,0.0,0.0,635659,672768
Germany_seconds,4.0,0.1,4.0,True,True,causal_success,3.4064526982463185e-10,1.4880144622983816e-09,1.8617584573856594,493.0755274823773,7.201635923562312e-10,7.678508699430367e-10,1.3823562252383468,0.0,0.0,635659,672768
Germany_seconds,4.0,0.2,0.25,True,True,causal_success,3.516939250711868e-10,1.5362774509618866e-09,1.9826169923238002,1002.4733083412658,7.070982522099926e-10,8.291791987519757e-10,0.694307332958374,0.0,0.0,8584264,8593452
Germany_seconds,4.0,0.2,1.0,True,True,causal_success,3.4738813863735995e-10,1.517468816136571e-09,1.952745750230492,1002.3139176543922,7.247376600769772e-10,7.927311560632411e-10,0.694307332958374,0.0,0.0,8584264,8593452
Germany_seconds,4.0,0.2,4.0,True,True,causal_success,3.4237031794849753e-10,1.49554985698563e-09,1.8617584646303043,1001.9323523081895,7.241720287806298e-10,7.713778282069956e-10,0.694307332958374,0.0,0.0,8584264,8593452
Germany_seconds,4.0,0.4,0.25,True,True,causal_success,3.5193225482793533e-10,1.5373185284587806e-09,1.9826169923163266,2020.1554752479306,7.157240580223602e-10,8.21594470436527e-10,0.574840471917696,0.0,0.0,2466020,2472460
Germany_seconds,4.0,0.4,1.0,True,True,causal_success,3.4673468243128096e-10,1.5146143737847815e-09,1.952745750230434,2019.824856299809,7.278606253648838e-10,7.867537484198093e-10,0.574840471917696,0.0,0.0,2466020,2472460
Germany_seconds,4.0,0.4,4.0,True,True,causal_success,3.422956575899596e-10,1.4952237238990851e-09,1.8617584646303043,2019.336154106082,7.241341717244389e-10,7.710895521775301e-10,0.574840471917696,0.0,0.0,2466020,2472460
Germany_seconds,8.0,0.0,0.25,False,False,physically_infeasible,12.033540015895424,52.56518484908641,3.410618603510157,43.85723834118107,52.56518484906826,6.074919232223169e-10,49.15471195544288,38.6854292381163,8.856102420365676,244613,4816637
Germany_seconds,8.0,0.0,1.0,False,False,physically_infeasible,11.99807637883438,52.41027177819686,3.4344458892194476,43.481221643274765,52.410271778178334,6.210119939548409e-10,49.15471195544288,38.6854292381163,8.856102420365676,244613,4816637
Germany_seconds,8.0,0.0,4.0,False,False,physically_infeasible,11.915571416563369,52.04987171412478,3.63256063473452,42.594512175728354,52.049871714104405,6.63529662010893e-10,49.15471195544288,38.6854292381163,8.856102420365676,244613,4816637
Germany_seconds,8.0,0.025,0.25,False,False,physically_infeasible,3.340825331564605,14.59346965815832,3.7605310913024237,128.29450040547485,14.593469658119702,1.288340784102515e-09,19.44039390483902,10.753970270548677,2.4618639114829706,308154,3483018
Germany_seconds,8.0,0.025,1.0,False,False,physically_infeasible,3.3283929296667596,14.539162155709734,3.772535512898051,128.1373353715584,14.539162155672429,1.2582553888774678e-09,19.44039390483902,10.753970270548677,2.4618639114829706,308154,3483018
Germany_seconds,8.0,0.025,4.0,False,False,physically_infeasible,3.3219418134466085,14.510982242222328,3.830201098074998,127.78873024416578,14.510982242184754,1.2545369669834328e-09,19.44039390483902,10.753970270548677,2.4618639114829706,308154,3483018
Germany_seconds,8.0,0.05,0.25,True,False,policy_avoidable,0.21293442708370056,0.9301450367559323,3.828624307634655,239.71345321866747,0.9301450349391276,1.792472044919879e-09,4.981488773146077,0.0,0.0,308226,1074119
Germany_seconds,8.0,0.05,1.0,True,False,policy_avoidable,0.214680884880561,0.9377739536666528,3.8459432561468305,239.73865368923865,0.9377739519512217,1.6974865158407027e-09,4.981488773146077,0.0,0.0,308226,1074119
Germany_seconds,8.0,0.05,4.0,True,False,policy_avoidable,0.22554540186371294,0.9852325853545059,3.8614735310959714,239.72590637498666,0.985232583745879,1.6028558918938553e-09,4.981488773146077,0.0,0.0,308226,1074119
Germany_seconds,8.0,0.1,0.25,True,True,causal_success,6.516455568090872e-10,2.8465330322173405e-09,3.963803958311906,492.86200733034485,1.290764509220503e-09,1.5557685230098012e-09,1.3823562252383468,0.0,0.0,635659,672768
Germany_seconds,8.0,0.1,1.0,True,True,causal_success,6.675643965584813e-10,2.9160700722657854e-09,3.943792039819496,493.03142504136423,1.38976790135405e-09,1.5263021709122021e-09,1.3823562252383468,0.0,0.0,635659,672768
Germany_seconds,8.0,0.1,4.0,True,True,causal_success,6.791263294244025e-10,2.9665751719710325e-09,3.8617584573855956,493.07552748236765,1.440118093977682e-09,1.5264570779936579e-09,1.3823562252383468,0.0,0.0,635659,672768
Germany_seconds,8.0,0.2,0.25,True,True,causal_success,6.9182589048608e-10,3.0220496851922083e-09,3.982616992323821,1002.4733083412756,1.4009058446251704e-09,1.6211438405739833e-09,0.694307332958374,0.0,0.0,8584264,8593452
Germany_seconds,8.0,0.2,1.0,True,True,causal_success,6.916570879195493e-10,3.0213123179585457e-09,3.9527457502302377,1002.3139176543905,1.4513087926733597e-09,1.5700035252812981e-09,0.694307332958374,0.0,0.0,8584264,8593452
Germany_seconds,8.0,0.2,4.0,True,True,causal_success,6.863042711507299e-10,2.9979300212657512e-09,3.86175846462985,1001.9323523081835,1.454578319554523e-09,1.5433517017085227e-09,0.694307332958374,0.0,0.0,8584264,8593452
Germany_seconds,8.0,0.4,0.25,True,True,causal_success,6.943629190444216e-10,3.0331319913930832e-09,3.9826169923163226,2020.1554752479447,1.4114240752503395e-09,1.6217079161337208e-09,0.574840471917696,0.0,0.0,2466020,2472460
Germany_seconds,8.0,0.4,1.0,True,True,causal_success,6.905599134096877e-10,3.016519615159004e-09,3.9527457502302896,2019.8248562998122,1.4512164027318942e-09,1.5653032124179554e-09,0.574840471917696,0.0,0.0,2466020,2472460
Germany_seconds,8.0,0.4,4.0,True,True,causal_success,6.859557626392198e-10,2.9964076584111956e-09,3.86175846462985,2019.3361541060804,1.4525501551703809e-09,1.5438575032403948e-09,0.574840471917696,0.0,0.0,2466020,2472460
Germany_quarters,0.5,0.0,0.25,False,False,physically_infeasible,27.374724825038463,111.15101667267146,0.0,105.71706279838085,109.43961035427965,1.7114063183918118,48.84422374377569,45.443570319149146,11.192027475713184,272,5352
Germany_quarters,0.5,0.0,1.0,False,False,physically_infeasible,26.93007690807905,109.34558964656237,0.0,99.60687575923212,105.65826741902018,3.687322227542243,48.84422374377569,45.443570319149146,11.192027475713184,272,5352
Germany_quarters,0.5,0.0,4.0,False,False,physically_infeasible,32.582879872175425,132.29795905028732,0.0,61.456886693539666,97.66422159382572,34.63373745646166,48.84422374377569,45.443570319149146,11.192027475713184,272,5352
Germany_quarters,0.5,0.025,0.25,False,False,physically_infeasible,15.690547643408273,63.70914534712107,0.015304069539829376,182.19256073421786,61.86116276941347,1.8479825777076428,18.947821857269115,17.340952545832966,4.270800379129076,342,3870
Germany_quarters,0.5,0.025,1.0,False,False,physically_infeasible,15.82059468200501,64.23718209078457,0.03235973477906604,178.099280928993,60.1315063565727,4.105675734211867,18.947821857269115,17.340952545832966,4.270800379129076,342,3870
Germany_quarters,0.5,0.025,4.0,False,False,physically_infeasible,23.49542626015822,95.39969927243642,0.07787718365424023,141.97318248150154,57.06124086490335,38.33845840753291,18.947821857269115,17.340952545832966,4.270800379129076,342,3870
Germany_quarters,0.5,0.05,0.25,False,False,physically_infeasible,9.938058753945231,40.35201600431807,0.08391200967332745,284.3091375714427,38.42514532440462,1.9268706799134603,4.8156276407589065,4.0566899823133715,0.9990981215525181,342,1194
Germany_quarters,0.5,0.05,1.0,False,False,physically_infeasible,10.530172182052802,42.75620490266637,0.10240487931471276,281.9084217872501,38.420519230797616,4.335685671868745,4.8156276407589065,4.0566899823133715,0.9990981215525181,342,1194
Germany_quarters,0.5,0.05,4.0,False,False,physically_infeasible,19.83257270836257,80.52722479799685,0.1110315225466405,251.33391409391578,41.175584301730225,39.35164049626666,4.8156276407589065,4.0566899823133715,0.9990981215525181,342,1194
Germany_quarters,0.5,0.1,0.25,False,False,physically_infeasible,4.926358384780848,20.002748756820115,0.2203380827668814,517.0943930738264,18.011435959267683,1.9913127975524865,1.3598985949001179,0.8083046792061108,0.19907256658947534,706,747
Germany_quarters,0.5,0.1,1.0,False,False,physically_infeasible,6.035091612395197,24.504595853211313,0.1972661001845243,516.8554268000244,20.085282929391752,4.419312923819616,1.3598985949001179,0.8083046792061108,0.19907256658947534,706,747
Germany_quarters,0.5,0.1,4.0,False,False,physically_infeasible,19.010049698973436,77.1874919124759,0.1110315225466405,502.0674721047572,37.765416934513915,39.42207497796201,1.3598985949001179,0.8083046792061108,0.19907256658947534,706,747
Germany_quarters,0.5,0.2,0.25,False,False,physically_infeasible,1.6997456896119265,6.901565684874104,0.23329957719540992,1012.594046200374,4.89308395675027,2.0084817281238827,0.6758988913255166,0.1653449578459856,0.040721829252996014,9538,9548
Germany_quarters,0.5,0.2,1.0,False,False,physically_infeasible,3.080500968816217,12.5079180424087,0.20468913822840268,1013.1148964667107,8.066716037545573,4.44120200486317,0.6758988913255166,0.1653449578459856,0.040721829252996014,9538,9548
Germany_quarters,0.5,0.2,4.0,False,False,physically_infeasible,19.010049698973436,77.1874919124759,0.1110315225466405,1010.7674721047395,37.765416934513915,39.42207497796201,0.6758988913255166,0.1653449578459856,0.040721829252996014,9538,9548
Germany_quarters,0.5,0.4,0.25,False,False,physically_infeasible,1.181980562979138,4.799257055628985,0.23329957756076686,2027.9636677250355,2.789673775712889,2.0095832799161433,0.5663658245075567,0.06238387503710328,0.015364154676960036,2740,2747
Germany_quarters,0.5,0.4,1.0,False,False,physically_infeasible,2.61197669048553,10.605544586414979,0.20468913822841964,2028.5480832865253,6.1619715306784,4.443573055736618,0.5663658245075567,0.06238387503710328,0.015364154676960036,2740,2747
Germany_quarters,0.5,0.4,4.0,False,False,physically_infeasible,19.010049698973436,77.1874919124759,0.1110315225466405,2028.1674721047002,37.765416934513915,39.42207497796201,0.5663658245075567,0.06238387503710328,0.015364154676960036,2740,2747
Germany_quarters,1.0,0.0,0.25,False,False,physically_infeasible,21.807160936094313,88.54474791192877,0.07893942740684314,84.20089191771305,88.17762136041938,0.36712655150945245,48.84422374377569,44.97357031914915,11.076273962583766,272,5352
Germany_quarters,1.0,0.0,1.0,False,False,physically_infeasible,21.40581372243592,86.91513697987396,0.097373483844184,81.92795608761865,86.37848059288919,0.5366563869848333,48.84422374377569,44.97357031914915,11.076273962583766,272,5352
Germany_quarters,1.0,0.0,4.0,False,False,physically_infeasible,21.66643037934434,87.97333232475314,0.18897151036025286,70.64083105483046,81.53311703403983,6.440215290713208,48.84422374377569,44.97357031914915,11.076273962583766,272,5352
Germany_quarters,1.0,0.025,0.25,False,False,physically_infeasible,10.516319394082835,42.69995770834921,0.26358185694274655,161.93838202119747,42.097153173045236,0.6028045353040684,18.947821857269115,16.870952545832967,4.15504686599966,342,3870
Germany_quarters,1.0,0.025,1.0,False,False,physically_infeasible,10.394809748759593,42.206585785908516,0.27644486092934745,160.77469835675893,41.37988787510994,0.8266979107986958,18.947821857269115,16.870952545832967,4.15504686599966,342,3870
Germany_quarters,1.0,0.025,4.0,False,False,physically_infeasible,11.832921614250003,48.04582606905049,0.3364599644711411,151.9314414543675,40.02786217817026,8.017963890880333,18.947821857269115,16.870952545832967,4.15504686599966,342,3870
Germany_quarters,1.0,0.05,0.25,False,False,physically_infeasible,5.280597603904144,21.441084652524676,0.3339120096733274,266.2452973049917,20.80574900337619,0.6353356491486243,4.8156276407589065,3.5866899823133718,0.8833446084231017,342,1194
Germany_quarters,1.0,0.05,1.0,False,False,physically_infeasible,5.352571885750825,21.733325566458056,0.35240467092774547,265.8773141503142,20.854202146233597,0.8791234202245868,4.8156276407589065,3.5866899823133718,0.8833446084231017,342,1194
Germany_quarters,1.0,0.05,4.0,False,False,physically_infeasible,7.469777562541436,30.32992571438657,0.3661196185848466,259.3522511677578,21.959397262465632,8.370528451921015,4.8156276407589065,3.5866899823133718,0.8833446084231017,342,1194
Germany_quarters,1.0,0.1,0.25,False,False,physically_infeasible,1.890473390072708,7.675987270820651,0.47033808276688144,506.2411098212814,7.040648928077012,0.6353383427437918,1.3598985949001179,0.3383046792061108,0.08331905346005873,706,747
Germany_quarters,1.0,0.1,1.0,False,False,physically_infeasible,2.1403327427930434,8.690504174918953,0.4472661001519758,506.5481272131649,7.809972342450183,0.8805318324689058,1.3598985949001179,0.3383046792061108,0.08331905346005873,706,747
Germany_quarters,1.0,0.1,4.0,False,False,physically_infeasible,4.832813944538361,19.622925408695785,0.36637832041643137,502.20495529871266,11.158415638766936,8.464509769928956,1.3598985949001179,0.3383046792061108,0.08331905346005873,706,747
Germany_quarters,1.0,0.2,0.25,True,False,policy_avoidable,0.38173287527957533,1.549969815437123,0.4832995771954099,1009.432298944863,0.9146305028803594,0.6353393125568318,0.6758988913255166,0.0,0.0,9538,9548
Germany_quarters,1.0,0.2,1.0,True,False,policy_avoidable,0.579233405449283,2.3518914735381666,0.45468913822839024,1009.0551448162307,1.4713111298237531,0.880580343714529,0.6758988913255166,0.0,0.0,9538,9548
Germany_quarters,1.0,0.2,4.0,True,False,policy_avoidable,4.368356123099352,17.73706319877502,0.36637832041643137,1008.9249245151211,9.267749500712853,8.46931369806224,0.6758988913255166,0.0,0.0,9538,9548
Germany_quarters,1.0,0.4,0.25,True,False,policy_avoidable,0.24783561003108207,1.0062997965718474,0.48329957756076686,2026.5057146904778,0.3709604840151112,0.6353393125568325,0.5663658245075567,0.0,0.0,2740,2747
Germany_quarters,1.0,0.4,1.0,True,False,policy_avoidable,0.4281343196385966,1.7383760094189604,0.4546891382284102,2025.9038064730769,0.8577956625866117,0.8805803468324269,0.5663658245075567,0.0,0.0,2740,2747
Germany_quarters,1.0,0.4,4.0,True,False,policy_avoidable,4.368356123099352,17.73706319877502,0.36637832041643137,2026.3249245151094,9.267749500712853,8.46931369806224,0.5663658245075567,0.0,0.0,2740,2747
Germany_quarters,2.0,0.0,0.25,False,False,physically_infeasible,18.17518365651936,73.7976419688745,0.4225106587786017,69.19763112983544,73.7976419688745,2.2390792875470853e-13,48.84422374377569,44.03357031914915,10.844766936324934,272,5352
Germany_quarters,2.0,0.0,1.0,False,False,physically_infeasible,18.027746660100725,73.19899587647225,0.44658442242582086,68.39260977083076,73.19899587647224,2.2725160952520324e-13,48.84422374377569,44.03357031914915,10.844766936324934,272,5352
Germany_quarters,2.0,0.0,4.0,False,False,physically_infeasible,17.614865882226045,71.52255461473585,0.6415868543991678,65.64582199958005,71.38361106912828,0.13894354560780472,48.84422374377569,44.03357031914915,10.844766936324934,272,5352
Germany_quarters,2.0,0.025,0.25,False,False,physically_infeasible,7.298138533798009,29.633010853416273,0.7635818569427466,148.97491393042583,29.63301085341626,3.6431251031464893e-13,18.947821857269115,15.930952545832968,3.9235398397408274,342,3870
Germany_quarters,2.0,0.025,1.0,False,False,physically_infeasible,7.2475982819198475,29.427799644351904,0.776444860895414,148.59891502165726,29.427799644351897,3.5433715999593027e-13,18.947821857269115,15.930952545832968,3.9235398397408274,342,3870
Germany_quarters,2.0,0.025,4.0,False,False,physically_infeasible,7.17639104030263,29.138673183691704,0.836456298865084,147.11663842513335,28.90717326396888,0.23149991972318387,18.947821857269115,15.930952545832968,3.9235398397408274,342,3870
Germany_quarters,2.0,0.05,0.25,False,False,physically_infeasible,2.6362200467646986,10.703981144780771,0.8339120096733275,255.8320329607348,10.703981144780762,4.380106191468361e-13,4.8156276407589065,2.646689982313372,0.6518375821642686,342,1194
Germany_quarters,2.0,0.05,1.0,False,False,physically_infeasible,2.647259523724621,10.748805306319284,0.8524046709277451,255.70216665705726,10.748805306319277,4.159668033232192e-13,4.8156276407589065,2.646689982313372,0.6518375821642686,342,1194
Germany_quarters,2.0,0.05,4.0,False,False,physically_infeasible,2.74997397834661,11.165862139992756,0.8661204785585097,254.83941674892935,10.914188724447145,0.25167341554601663,4.8156276407589065,2.646689982313372,0.6518375821642686,342,1194
Germany_quarters,2.0,0.1,0.25,True,False,policy_avoidable,0.31248224137092634,1.2687878706552362,0.9703380827668814,500.4664271718956,1.2687878706548532,4.914482064064028e-13,1.3598985949001179,0.0,0.0,706,747
Germany_quarters,2.0,0.1,1.0,True,False,policy_avoidable,0.3526952175044219,1.4320667057573027,0.9472661001519758,500.3324186938086,1.4320667057569678,4.554644373329066e-13,1.3598985949001179,0.0,0.0,706,747
Germany_quarters,2.0,0.1,4.0,True,False,policy_avoidable,0.575464864226364,2.3365898699247047,0.8663788854017784,499.807149735621,2.084911043277302,0.2516788266477148,1.3598985949001179,0.0,0.0,706,747
Germany_quarters,2.0,0.2,0.25,True,True,causal_success,2.1030831492892345e-13,8.539257716185416e-13,0.98329957719541,1008.9940073327634,3.4489344265383617e-13,5.090323289647054e-13,0.6758988913255166,0.0,0.0,9538,9548
Germany_quarters,2.0,0.2,1.0,True,True,causal_success,2.0755223600328488e-13,8.427351212440525e-13,0.9546891382283903,1008.2214430496022,3.781182470647502e-13,4.646168741793022e-13,0.6758988913255166,0.0,0.0,9538,9548
Germany_quarters,2.0,0.2,4.0,True,False,policy_avoidable,0.07412714521436119,0.3009822968551949,0.8663788902956246,1006.442523402839,0.04930347020655036,0.25167882664864677,0.6758988913255166,0.0,0.0,9538,9548
Germany_quarters,2.0,0.4,0.25,True,True,causal_success,2.1191785105949368e-13,8.604610547465986e-13,0.9832995775607669,2026.6672623668562,3.482429395760632e-13,5.122181151705354e-13,0.5663658245075567,0.0,0.0,2740,2747
Germany_quarters,2.0,0.4,1.0,True,True,causal_success,2.071389977461614e-13,8.410572284907596e-13,0.9546891382284102,2025.7425535901236,3.775261489058837e-13,4.635310795848759e-13,0.5663658245075567,0.0,0.0,2740,2747
Germany_quarters,2.0,0.4,4.0,True,False,policy_avoidable,0.07066398064687435,0.28692062993283546,0.8663788902956246,2023.8299595706092,0.03524180328419302,0.2516788266486449,0.5663658245075567,0.0,0.0,2740,2747
Germany_quarters,4.0,0.0,0.25,False,False,physically_infeasible,15.582238660016154,63.2693727577796,1.4225106587786025,57.835246112815376,63.269372757779585,4.3209190040668964e-13,48.84422374377569,42.153570319149146,10.381752883807268,272,5352
Germany_quarters,4.0,0.0,1.0,False,False,physically_infeasible,15.488481320996478,62.88868496569522,1.4465844224258217,57.27051312617474,62.888684965695205,4.3637969129997406e-13,48.84422374377569,42.153570319149146,10.381752883807268,272,5352
Germany_quarters,4.0,0.0,4.0,False,False,physically_infeasible,15.214649263757034,61.77683044462642,1.6415868543991685,55.47714120883279,61.776830444626405,4.810790518357808e-13,48.84422374377569,42.153570319149146,10.381752883807268,272,5352
Germany_quarters,4.0,0.025,0.25,False,False,physically_infeasible,5.232248195726314,21.244769039898966,1.7635818569427464,139.90972061205082,21.244769039898948,7.320744259346865e-13,18.947821857269115,14.050952545832967,3.460525787223161,342,3870
Germany_quarters,4.0,0.025,1.0,False,False,physically_infeasible,5.202434333844419,21.12371426837921,1.7764448608954138,139.64192494643578,21.123714268379192,7.16526699965866e-13,18.947821857269115,14.050952545832967,3.460525787223161,342,3870
Germany_quarters,4.0,0.025,4.0,False,False,physically_infeasible,5.111896818937469,20.75610009533298,1.8364562988650848,138.5419041695188,20.75610009533296,7.447934472596686e-13,18.947821857269115,14.050952545832967,3.460525787223161,342,3870
Germany_quarters,4.0,0.05,0.25,False,False,physically_infeasible,1.024268397131468,4.158890159243466,1.8339120096733277,248.70916688930035,4.158890159243357,8.811535381877863e-13,4.8156276407589065,0.766689982313372,0.18882352964660226,342,1194
Germany_quarters,4.0,0.05,1.0,False,False,physically_infeasible,1.020704575216576,4.144419788066684,1.8524046709277453,248.50564080508022,4.144419788066589,8.443427282621733e-13,4.8156276407589065,0.766689982313372,0.18882352964660226,342,1194
Germany_quarters,4.0,0.05,4.0,False,False,physically_infeasible,1.039195692882573,4.219500233299494,1.8661204785585097,247.78790872626152,4.219500233299391,8.462089099810146e-13,4.8156276407589065,0.766689982313372,0.18882352964660226,342,1194
Germany_quarters,4.0,0.1,0.25,True,True,causal_success,4.0535546701391865e-13,1.6458858512876137e-12,1.9703380827668813,499.0824336132695,6.502514376825767e-13,9.95634413605037e-13,1.3598985949001179,0.0,0.0,706,747
Germany_quarters,4.0,0.1,1.0,True,True,causal_success,4.094218951801438e-13,1.6623969807251195e-12,1.9472661001519758,498.76948448907876,7.351701526329491e-13,9.272268280921704e-13,1.3598985949001179,0.0,0.0,706,747
Germany_quarters,4.0,0.1,4.0,True,True,causal_success,4.0912519831989167e-13,1.6611922870570959e-12,1.8663788854017782,497.7535243592783,7.418466154010062e-13,9.193456716560897e-13,1.3598985949001179,0.0,0.0,706,747
Germany_quarters,4.0,0.2,0.25,True,True,causal_success,4.1853484391681437e-13,1.6993987596814656e-12,1.9832995771954098,1008.9940073327637,6.884242564703421e-13,1.0109745032111235e-12,0.6758988913255166,0.0,0.0,9538,9548
Germany_quarters,4.0,0.2,1.0,True,True,causal_success,4.161710181830926e-13,1.6898007953103359e-12,1.9546891382283902,1008.2214430496016,7.634552459192355e-13,9.263455493911004e-13,0.6758988913255166,0.0,0.0,9538,9548
Germany_quarters,4.0,0.2,4.0,True,True,causal_success,4.109844242744159e-13,1.6687413987427982e-12,1.8663788902956253,1006.6150233141045,7.549263296129506e-13,9.138150691298476e-13,0.6758988913255166,0.0,0.0,9538,9548
Germany_quarters,4.0,0.4,0.25,True,True,causal_success,4.224163726684187e-13,1.7151591324246613e-12,1.983299577560767,2026.667262366855,6.949227305111268e-13,1.0202364019135346e-12,0.5663658245075567,0.0,0.0,2740,2747
Germany_quarters,4.0,0.4,1.0,True,True,causal_success,4.179924604854033e-13,1.697196492070994e-12,1.9546891382284102,2025.7425535901243,7.67899425882e-13,9.292970661889941e-13,0.5663658245075567,0.0,0.0,2740,2747
Germany_quarters,4.0,0.4,4.0,True,True,causal_success,4.1109020764242556e-13,1.6691709164448566e-12,1.8663788902956253,2024.018133916643,7.534989503478191e-13,9.156719660970375e-13,0.5663658245075567,0.0,0.0,2740,2747
Germany_quarters,8.0,0.0,0.25,False,False,physically_infeasible,12.807439583446492,52.00271198239865,3.4225106587786014,45.69041026144537,52.00271198239862,8.964701484640914e-13,48.84422374377569,38.39357031914915,9.455724778771934,272,5352
Germany_quarters,8.0,0.0,1.0,False,False,physically_infeasible,12.771426741332963,51.856487169554875,3.4465844224258206,45.39109496573531,51.856487169554846,9.182598914612235e-13,48.84422374377569,38.39357031914915,9.455724778771934,272,5352
Germany_quarters,8.0,0.0,4.0,False,False,physically_infeasible,12.680854316444632,51.4887312496985,3.6415868543991667,44.480961004731434,51.488731249698475,9.776529241742549e-13,48.84422374377569,38.39357031914915,9.455724778771934,272,5352
Germany_quarters,8.0,0.025,0.25,False,False,physically_infeasible,3.461996362318337,14.056923598253295,3.7635818569427464,132.10052485450552,14.056923598253253,1.4465306504227453e-12,18.947821857269115,10.290952545832967,2.5344976821878284,342,3870
Germany_quarters,8.0,0.025,1.0,False,False,physically_infeasible,3.4599030470174847,14.048424001439326,3.776444860895414,131.9546704994191,14.048424001439285,1.4155704416946935e-12,18.947821857269115,10.290952545832967,2.5344976821878284,342,3870
Germany_quarters,8.0,0.025,4.0,False,False,physically_infeasible,3.460419190838494,14.050519726997159,3.8364562988650843,131.29190167731653,14.05051972699712,1.4578432302900192e-12,18.947821857269115,10.290952545832967,2.5344976821878284,342,3870
Germany_quarters,8.0,0.05,0.25,True,False,policy_avoidable,0.191893237205154,0.7791540753116231,3.8339120096733277,245.01700265753203,0.7791540753097932,1.84307068427926e-12,4.8156276407589065,0.0,0.0,342,1194
Germany_quarters,8.0,0.05,1.0,True,False,policy_avoidable,0.19415958698880476,0.7883562530211232,3.8524046709277453,244.83642741513313,0.7883562530193631,1.7704724752576535e-12,4.8156276407589065,0.0,0.0,342,1194
Germany_quarters,8.0,0.05,4.0,True,False,policy_avoidable,0.20590205151213295,0.8360347914668104,3.86612047855851,244.08147063494272,0.8360347914650484,1.769155541042031e-12,4.8156276407589065,0.0,0.0,342,1194
Germany_quarters,8.0,0.1,0.25,True,True,causal_success,8.079543895091434e-13,3.280579161729079e-12,3.970338082766882,499.0824336132685,1.29795489485715e-12,1.982624266871929e-12,1.3598985949001179,0.0,0.0,706,747
Germany_quarters,8.0,0.1,1.0,True,True,causal_success,8.229637993951526e-13,3.341522648070934e-12,3.947266100151976,498.76948448907916,1.4809461301593455e-12,1.8605765179115886e-12,1.3598985949001179,0.0,0.0,706,747
Germany_quarters,8.0,0.1,4.0,True,True,causal_success,8.253651250835439e-13,3.351272875455239e-12,3.866378885401778,497.7535243592781,1.5088285180421231e-12,1.842444357413116e-12,1.3598985949001179,0.0,0.0,706,747
Germany_quarters,8.0,0.2,0.25,True,True,causal_success,8.395262750890188e-13,3.408772128157244e-12,3.98329957719541,1008.9940073327665,1.3810389056858858e-12,2.0277332224713583e-12,0.6758988913255166,0.0,0.0,9538,9548
Germany_quarters,8.0,0.2,1.0,True,True,causal_success,8.307529154806343e-13,3.3731492005720527e-12,3.95468913822839,1008.2214430496014,1.529652625374056e-12,1.8434965751979967e-12,0.6758988913255166,0.0,0.0,9538,9548
Germany_quarters,8.0,0.2,4.0,True,True,causal_success,8.20017535667562e-13,3.329559780469504e-12,3.8663788902956244,1006.6150233141046,1.5031139103135842e-12,1.82644587015592e-12,0.6758988913255166,0.0,0.0,9538,9548
Germany_quarters,8.0,0.4,0.25,True,True,causal_success,8.45146638357018e-13,3.4315927809784357e-12,3.983299577560767,2026.6672623668555,1.3892474850370682e-12,2.0423452959413674e-12,0.5663658245075567,0.0,0.0,2740,2747
Germany_quarters,8.0,0.4,1.0,True,True,causal_success,8.314892016525155e-13,3.3761387815482884e-12,3.95468913822841,2025.7425535901234,1.5383820980123061e-12,1.8377566835359822e-12,0.5663658245075567,0.0,0.0,2740,2747
Germany_quarters,8.0,0.4,4.0,True,True,causal_success,8.21799499720611e-13,3.3367951816447295e-12,3.8663788902956244,2024.0181339166427,1.5038805835510666e-12,1.832914598093663e-12,0.5663658245075567,0.0,0.0,2740,2747
Belgium_quarters,0.5,0.0,0.25,False,False,physically_infeasible,33.7335888967311,367.18459317228906,0.0,363.9799579081347,292.85899527583007,74.32559789645968,30.333514839298047,28.043503948940163,2.5763826996780343,5825,7964
Belgium_quarters,0.5,0.0,1.0,False,False,physically_infeasible,34.43179619060717,374.78446527414695,0.0,319.81131361424724,274.5815599974657,100.20290527668173,30.333514839298047,28.043503948940163,2.5763826996780343,5825,7964
Belgium_quarters,0.5,0.0,4.0,False,False,physically_infeasible,49.19222200943735,535.4492841266144,0.0,115.55498624749369,250.62359920799693,284.8256849186194,30.333514839298047,28.043503948940163,2.5763826996780343,5825,7964
Belgium_quarters,0.5,0.025,0.25,False,False,physically_infeasible,29.28820372386053,318.79730324617094,0.0,436.8057845423442,242.4958181932814,76.30148505288925,16.98145750825234,15.492570057757199,1.4233167703661387,6005,7964
Belgium_quarters,0.5,0.025,1.0,False,False,physically_infeasible,30.401825034254095,330.9188889172549,0.0,395.4082836353599,227.79170484899063,103.12718406826461,16.98145750825234,15.492570057757199,1.4233167703661387,6005,7964
Belgium_quarters,0.5,0.025,4.0,False,False,physically_infeasible,46.163460483501524,502.4817107053234,0.0,192.24104249983898,209.68665618358895,292.7950545217356,16.98145750825234,15.492570057757199,1.4233167703661387,6005,7964
Belgium_quarters,0.5,0.05,0.25,False,False,physically_infeasible,25.420958390595825,276.7029708364392,0.0,516.7722678002547,198.79959032170257,77.90338051473614,13.299923970859439,12.031928532607871,1.1053844259837924,6067,6562
Belgium_quarters,0.5,0.05,1.0,False,False,physically_infeasible,26.932983548708204,293.1611171738294,0.0,478.78100339261334,187.9154932376866,105.24562393614283,13.299923970859439,12.031928532607871,1.1053844259837924,6067,6562
Belgium_quarters,0.5,0.05,4.0,False,False,physically_infeasible,43.62194093897268,474.8176864933109,0.0,284.02958513905855,178.88500686794177,295.9326796253702,13.299923970859439,12.031928532607871,1.1053844259837924,6067,6562
Belgium_quarters,0.5,0.1,0.25,False,False,physically_infeasible,19.27305619438199,209.7840618021695,0.0,695.3511487917478,129.20708280240478,80.5769789997647,7.428680876718772,6.512960024115645,0.5983516738984515,16479,16653
Belgium_quarters,0.5,0.1,1.0,False,False,physically_infeasible,21.651874157050273,235.67710592881824,0.0,666.375914208049,127.36460429303754,108.31250163578133,7.428680876718772,6.512960024115645,0.5983516738984515,16479,16653
Belgium_quarters,0.5,0.1,4.0,False,False,physically_infeasible,42.704486517509764,464.831345296996,0.0,525.8910380642918,168.3519670151681,296.4793782818287,7.428680876718772,6.512960024115645,0.5983516738984515,16479,16653
Belgium_quarters,0.5,0.2,0.25,False,False,physically_infeasible,12.491689258726705,135.96999277312855,0.04706108582717571,1121.404091874499,53.016591349351366,82.95340142377731,3.0143471882859103,2.3634863569887554,0.21713568219427232,16481,16653
Belgium_quarters,0.5,0.2,1.0,False,False,physically_infeasible,16.09930183392914,175.2382651115427,0.0,1106.2951414982908,64.82914102229341,110.40912408924994,3.0143471882859103,2.3634863569887554,0.21713568219427232,16481,16653
Belgium_quarters,0.5,0.2,4.0,False,False,physically_infeasible,42.704486517509764,464.831345296996,0.0,1032.2910380642206,168.3519670151681,296.4793782818287,3.0143471882859103,2.3634863569887554,0.21713568219427232,16481,16653
Belgium_quarters,0.5,0.4,0.25,False,False,physically_infeasible,10.738611362895954,116.88802684443593,0.08619907019699512,2113.3322335688495,33.236490813873566,83.65153603056233,2.0261064727044413,1.4345400843421747,0.1317925271400875,16585,16653
Belgium_quarters,0.5,0.4,1.0,False,False,physically_infeasible,14.832613562268413,161.45057062312958,0.005736056794051299,2104.491537791237,50.83960404568464,110.61096657744527,2.0261064727044413,1.4345400843421747,0.1317925271400875,16585,16653
Belgium_quarters,0.5,0.4,4.0,False,False,physically_infeasible,42.704486517509764,464.831345296996,0.0,2045.0910380640678,168.3519670151681,296.4793782818287,2.0261064727044413,1.4345400843421747,0.1317925271400875,16585,16653
Belgium_quarters,1.0,0.0,0.25,False,False,physically_infeasible,24.697553577211014,268.82882785939836,0.0,331.60637879733906,231.33983762629586,37.48899023310231,30.333514839298047,27.573503948940164,2.5332033640624347,5825,7964
Belgium_quarters,1.0,0.0,1.0,False,False,physically_infeasible,24.467078382627136,266.32014309364,0.0,311.8513298999083,220.51544777876492,45.80469531487482,30.333514839298047,27.573503948940164,2.5332033640624347,5825,7964
Belgium_quarters,1.0,0.0,4.0,False,False,physically_infeasible,31.737830369117336,345.4610882918759,0.0,186.83166894497924,196.45555444903056,149.0055338428451,30.333514839298047,27.573503948940164,2.5332033640624347,5825,7964
Belgium_quarters,1.0,0.025,0.25,False,False,physically_infeasible,20.317992487371193,221.15802230209664,0.0,406.2800854583166,182.33540840890234,38.822613893194045,16.98145750825234,15.0225700577572,1.3801374347505393,6005,7964
Belgium_quarters,1.0,0.025,1.0,False,False,physically_infeasible,20.30107494806617,220.97387765605237,0.0,388.6246670394342,173.7080866750435,47.265790981008685,16.98145750825234,15.0225700577572,1.3801374347505393,6005,7964
Belgium_quarters,1.0,0.025,4.0,False,False,physically_infeasible,28.413748802572062,309.2790045705169,0.0,265.0858200548303,154.86712252404544,154.4118820464706,16.98145750825234,15.0225700577572,1.3801374347505393,6005,7964
Belgium_quarters,1.0,0.05,0.25,False,False,physically_infeasible,16.604642395290583,180.73881440100587,0.0,489.36094536488685,141.00128989229796,39.73752450870764,13.299923970859439,11.561928532607872,1.062205090368193,6067,6562
Belgium_quarters,1.0,0.05,1.0,False,False,physically_infeasible,16.854731032961762,183.46098828417675,0.0,473.5834414312572,134.77359326077018,48.687395023406346,13.299923970859439,11.561928532607872,1.062205090368193,6067,6562
Belgium_quarters,1.0,0.05,4.0,False,False,physically_infeasible,25.86204550718607,281.504131897438,0.0,355.2165453540496,123.27089031271261,158.23324158472514,13.299923970859439,11.561928532607872,1.062205090368193,6067,6562
Belgium_quarters,1.0,0.1,0.25,False,False,physically_infeasible,11.20053583828844,121.91599914505731,0.135963505220199,677.0773862654725,79.8988139318887,42.01718521316855,7.428680876718772,6.042960024115645,0.5551723382828521,16479,16653
Belgium_quarters,1.0,0.1,1.0,False,False,physically_infeasible,11.954997544219678,130.12819131365512,0.09857684980986463,666.5248020522611,78.99754817496539,51.13064313868978,7.428680876718772,6.042960024115645,0.5551723382828521,16479,16653
Belgium_quarters,1.0,0.1,4.0,False,False,physically_infeasible,22.423116918406524,244.07195713876794,0.0,563.5318926927729,82.85669793231715,161.21525920645064,7.428680876718772,6.042960024115645,0.5551723382828521,16479,16653
Belgium_quarters,1.0,0.2,0.25,False,False,physically_infeasible,6.198234410255661,67.4667669450596,0.2970610858271757,1124.0226139469328,23.27916106779684,44.18760587726267,3.0143471882859103,1.8934863569887557,0.17395634657867287,16481,16653
Belgium_quarters,1.0,0.2,1.0,False,False,physically_infeasible,7.3320677905978675,79.80835768895042,0.21291460270503967,1117.4751644611874,26.81809448746495,52.99026320148526,3.0143471882859103,1.8934863569887557,0.17395634657867287,16481,16653
Belgium_quarters,1.0,0.2,4.0,False,False,physically_infeasible,21.48124718563804,233.81985927551918,0.0,1058.804145108339,72.33193855395342,161.48792072156593,3.0143471882859103,1.8934863569887557,0.17395634657867287,16481,16653
Belgium_quarters,1.0,0.4,0.25,False,False,physically_infeasible,5.163933322658524,56.208568914911304,0.33619907019699513,2125.1515187288537,11.638912448149753,44.569656466761536,2.0261064727044413,0.9645400843421748,0.08861319152448802,16585,16653
Belgium_quarters,1.0,0.4,1.0,False,False,physically_infeasible,6.342727728325509,69.03955305963554,0.23506252371028152,2118.9717598859907,15.886285410027865,53.153267649607606,2.0261064727044413,0.9645400843421748,0.08861319152448802,16585,16653
Belgium_quarters,1.0,0.4,4.0,False,False,physically_infeasible,21.48124718563804,233.81985927551918,0.0,2071.604145108264,72.33193855395342,161.48792072156593,2.0261064727044413,0.9645400843421748,0.08861319152448802,16585,16653
Belgium_quarters,2.0,0.0,0.25,False,False,physically_infeasible,16.707149161619093,181.85458377280221,0.0,291.27159156268203,170.9634261949407,10.89115757786172,30.333514839298047,26.633503948940163,2.446844692831236,5825,7964
Belgium_quarters,2.0,0.0,1.0,False,False,physically_infeasible,16.38817606271,178.38261380499395,0.0,283.164253446766,165.47478308136607,12.907830723628026,30.333514839298047,26.633503948940163,2.446844692831236,5825,7964
Belgium_quarters,2.0,0.0,4.0,False,False,physically_infeasible,16.59703983866011,180.65606181657213,0.034447627002272385,249.00010299889848,149.97916074878026,30.676901067792006,30.333514839298047,26.633503948940163,2.446844692831236,5825,7964
Belgium_quarters,2.0,0.025,0.25,False,False,physically_infeasible,12.48954748664751,135.94667993464066,0.0,368.94897375742835,124.31766365620712,11.629016278433836,16.98145750825234,14.082570057757199,1.2937787635193403,6005,7964
Belgium_quarters,2.0,0.025,1.0,False,False,physically_infeasible,12.323041259810367,134.13428691150241,0.06131064552400622,362.09676034184787,120.32618818253333,13.808098728969238,16.98145750825234,14.082570057757199,1.2937787635193403,6005,7964
Belgium_quarters,2.0,0.025,4.0,False,False,physically_infeasible,13.052125307864358,142.07024742826357,0.24495209010213834,331.2254940642684,109.37523082657374,32.695016601689794,16.98145750825234,14.082570057757199,1.2937787635193403,6005,7964
Belgium_quarters,2.0,0.05,0.25,False,False,physically_infeasible,9.458172678534291,102.95066136462604,0.2769032997653944,459.57048354103887,90.41203679144968,12.53862457317656,13.299923970859439,10.621928532607871,0.975846419136994,6067,6562
Belgium_quarters,2.0,0.05,1.0,False,False,physically_infeasible,9.4785167808588,103.17210358823138,0.33181079987016016,453.86557368098073,88.03354281235207,15.138560775879453,13.299923970859439,10.621928532607871,0.975846419136994,6067,6562
Belgium_quarters,2.0,0.05,4.0,False,False,physically_infeasible,10.64211427078859,115.8376717927923,0.3628825929497237,426.1742619713493,80.98493506295281,34.85273672983954,13.299923970859439,10.621928532607871,0.975846419136994,6067,6562
Belgium_quarters,2.0,0.1,0.25,False,False,physically_infeasible,5.200225914193716,56.60360783291118,0.6359637183678765,661.7679142659681,42.416799969933926,14.186807862977371,7.428680876718772,5.102960024115646,0.46881366705165317,16479,16653
Belgium_quarters,2.0,0.1,1.0,False,False,physically_infeasible,5.391584283220933,58.6865123556547,0.5979783956940042,657.9358584375111,42.00772920556721,16.67878315008758,7.428680876718772,5.102960024115646,0.46881366705165317,16479,16653
Belgium_quarters,2.0,0.1,4.0,False,False,physically_infeasible,7.250538981962604,78.92092995269014,0.4474500886420484,636.9891713349538,42.154034203538735,36.76689574915152,7.428680876718772,5.102960024115646,0.46881366705165317,16479,16653
Belgium_quarters,2.0,0.2,0.25,False,False,physically_infeasible,2.029576787023506,22.091611098259477,0.7970610858271756,1132.296968272033,6.709374779166933,15.382236319092716,3.0143471882859103,0.9534863569887556,0.08759767534747394,16481,16653
Belgium_quarters,2.0,0.2,1.0,False,False,physically_infeasible,2.340811979123482,25.47935521709538,0.7129025437148335,1127.9883909199,7.2595454391876695,18.219809777907827,3.0143471882859103,0.9534863569887556,0.08759767534747394,16481,16653
Belgium_quarters,2.0,0.2,4.0,False,False,physically_infeasible,4.693606571329881,51.08913921612265,0.4592648409571256,1112.3522292027628,13.254556515705028,37.83458270041762,3.0143471882859103,0.9534863569887556,0.08759767534747394,16481,16653
Belgium_quarters,2.0,0.4,0.25,False,False,physically_infeasible,1.6649495790490194,18.12270362655452,0.8361990701969951,2141.841988509003,2.625714121527199,15.496989505027535,2.0261064727044413,0.024540084342174848,0.002254520293289117,16585,16653
Belgium_quarters,2.0,0.4,1.0,False,False,physically_infeasible,1.956012827180639,21.290879437310615,0.7350604412820969,2136.8125734802584,3.008515897153786,18.28236354015693,2.0261064727044413,0.024540084342174848,0.002254520293289117,16585,16653
Belgium_quarters,2.0,0.4,4.0,False,False,physically_infeasible,4.334579670126139,47.181190166883546,0.45926873082780145,2121.091053891439,9.335308142923623,37.84588202395992,2.0261064727044413,0.024540084342174848,0.002254520293289117,16585,16653
Belgium_quarters,4.0,0.0,0.25,False,False,physically_infeasible,11.378715522808774,123.85545584420817,0.5799747033692852,245.1514519170339,121.06364174433341,2.7918140998750736,30.333514839298047,24.753503948940164,2.274127350368838,5825,7964
Belgium_quarters,4.0,0.0,1.0,False,False,physically_infeasible,11.188027403521026,121.77984688016326,0.6763927788463662,241.68582325059228,118.58645186905031,3.193395011113324,30.333514839298047,24.753503948940164,2.274127350368838,5825,7964
Belgium_quarters,4.0,0.0,4.0,False,False,physically_infeasible,10.750616419239853,117.0186999175898,1.040411537387392,231.9920129036058,112.16736919895796,4.8513307186322185,30.333514839298047,24.753503948940164,2.274127350368838,5825,7964
Belgium_quarters,4.0,0.025,0.25,False,False,physically_infeasible,7.662908601277589,83.40950575671488,0.9559371079734507,329.6978454139635,80.60573778585595,2.8037679708593544,16.98145750825234,12.2025700577572,1.1210614210569425,6005,7964
Belgium_quarters,4.0,0.025,1.0,False,False,physically_infeasible,7.591163357612385,82.62857052364788,1.0394973694544953,327.3906962434347,79.36035140499703,3.26821911865129,16.98145750825234,12.2025700577572,1.1210614210569425,6005,7964
Belgium_quarters,4.0,0.025,4.0,False,False,physically_infeasible,7.3856245854090865,80.3913146335723,1.2494649253356964,320.03601197105286,75.4085768383178,4.982737795254867,16.98145750825234,12.2025700577572,1.1210614210569425,6005,7964
Belgium_quarters,4.0,0.05,0.25,False,False,physically_infeasible,5.238832182727209,57.02383074630373,1.2769051697836595,429.0501930005179,54.156878189622,2.8669525566821856,13.299923970859439,8.741928532607872,0.8031290766745961,6067,6562
Belgium_quarters,4.0,0.05,1.0,False,False,physically_infeasible,5.2130293664086,56.74297131442852,1.3314958889831605,427.027949457743,53.3734108375373,3.3695604768916967,13.299923970859439,8.741928532607872,0.8031290766745961,6067,6562
Belgium_quarters,4.0,0.05,4.0,False,False,physically_infeasible,5.108115324973672,55.600999147154084,1.3647754632824383,420.69193779308705,50.546891153680164,5.054107993474377,13.299923970859439,8.741928532607872,0.8031290766745961,6067,6562
Belgium_quarters,4.0,0.1,0.25,False,False,physically_infeasible,2.2906784826872024,24.933660314913077,1.6359637183678766,649.7059186773062,21.930449306141234,3.00321100877234,7.428680876718772,3.2229600241156455,0.2960963245892553,16479,16653
Belgium_quarters,4.0,0.1,1.0,False,False,physically_infeasible,2.317917795019622,25.230155770753584,1.5979782092965118,647.9592192607698,21.73308019594747,3.4970755748066176,7.428680876718772,3.2229600241156455,0.2960963245892553,16479,16653
Belgium_quarters,4.0,0.1,4.0,False,False,physically_infeasible,2.3640343900540683,25.73212735871751,1.4477512186849826,642.7950770862158,20.62275487544329,5.109372483274698,7.428680876718772,3.2229600241156455,0.2960963245892553,16479,16653
Belgium_quarters,4.0,0.2,0.25,True,False,policy_avoidable,0.40553045271829424,4.414132595146745,1.7970610858271758,1137.606775826605,1.2852321108776095,3.1289004842694412,3.0143471882859103,0.0,0.0,16481,16653
Belgium_quarters,4.0,0.2,1.0,True,False,policy_avoidable,0.44849167006055435,4.8817584134459855,1.7129025437148335,1134.9357857497123,1.325789073135379,3.5559693403109205,3.0143471882859103,0.0,0.0,16481,16653
Belgium_quarters,4.0,0.2,4.0,True,False,policy_avoidable,0.6511464112923931,7.087622098494301,1.4593715495906276,1130.1985214916256,1.974957321042899,5.112664777451907,3.0143471882859103,0.0,0.0,16481,16653
Belgium_quarters,4.0,0.4,0.25,True,False,policy_avoidable,0.29518068411162796,3.2129934274010505,1.836199070196995,2150.394625339173,0.08405139354124538,3.12894203386013,2.0261064727044413,0.0,0.0,16585,16653
Belgium_quarters,4.0,0.4,1.0,True,False,policy_avoidable,0.34581596698493927,3.7641501928112753,1.7350604412820967,2147.223543706959,0.2072012576513114,3.5569489351602916,2.0261064727044413,0.0,0.0,16585,16653
Belgium_quarters,4.0,0.4,4.0,True,False,policy_avoidable,0.5617231972578156,6.114265051725208,1.4593715495906276,2142.1202889084543,1.0015439242051574,5.112721127520556,2.0261064727044413,0.0,0.0,16585,16653
Belgium_quarters,8.0,0.0,0.25,False,False,physically_infeasible,7.8248587908559575,85.17230706008498,2.579974703183839,208.82410715351645,85.17230706008495,1.1368245220853162e-12,30.333514839298047,20.993503948940162,1.928692665444042,5825,7964
Belgium_quarters,8.0,0.0,1.0,False,False,physically_infeasible,7.752867051451484,84.38868876124577,2.6763805737511666,207.65362688222407,84.38868876124575,1.1806163846504454e-12,30.333514839298047,20.993503948940162,1.928692665444042,5825,7964
Belgium_quarters,8.0,0.0,4.0,False,False,physically_infeasible,7.478493892944334,81.40218184399315,3.0403272417259735,203.36389801523657,81.40218184399312,1.2962463879508633e-12,30.333514839298047,20.993503948940162,1.928692665444042,5825,7964
Belgium_quarters,8.0,0.025,0.25,False,False,physically_infeasible,4.591451399502087,49.97719689291291,2.9559371079734515,299.03438677913493,49.977196892912865,1.341979108777046e-12,16.98145750825234,8.4425700577572,0.7756267361321469,6005,7964
Belgium_quarters,8.0,0.025,1.0,False,False,physically_infeasible,4.559066075387005,49.624687941186714,3.039497369454494,298.2082304852753,49.62468794118667,1.3781254164850986e-12,16.98145750825234,8.4425700577572,0.7756267361321469,6005,7964
Belgium_quarters,8.0,0.025,4.0,False,False,physically_infeasible,4.433158644097772,48.25420616182926,3.2494649253356984,295.404479850777,48.25420616182921,1.4922577901488386e-12,16.98145750825234,8.4425700577572,0.7756267361321469,6005,7964
Belgium_quarters,8.0,0.05,0.25,False,False,physically_infeasible,2.590440156695183,28.19651706745774,3.2769051697836566,403.48327322681496,28.19651706745765,1.520005408736961e-12,13.299923970859439,4.981928532607872,0.45769439174980053,6067,6562
Belgium_quarters,8.0,0.05,1.0,False,False,physically_infeasible,2.575752649811539,28.036645959278417,3.331495888983161,402.65773325364626,28.036645959278303,1.5706470005887388e-12,13.299923970859439,4.981928532607872,0.45769439174980053,6067,6562
Belgium_quarters,8.0,0.05,4.0,False,False,physically_infeasible,2.4817057125504918,27.01296044206256,3.364775463282439,399.97263855124856,27.012960442062447,1.6352495080617746e-12,13.299923970859439,4.981928532607872,0.45769439174980053,6067,6562
Belgium_quarters,8.0,0.1,0.25,True,False,policy_avoidable,0.6343808902988427,6.9051321468860145,3.635963718367876,636.0637386814634,6.905132146884723,1.8154907729207382e-12,7.428680876718772,0.0,0.0,16479,16653
Belgium_quarters,8.0,0.1,1.0,True,False,policy_avoidable,0.6277322648122172,6.832762946800754,3.5979782092965116,634.9543848980321,6.832762946799461,1.7889189038260405e-12,7.428680876718772,0.0,0.0,16479,16653
Belgium_quarters,8.0,0.1,4.0,True,False,policy_avoidable,0.6002732955744005,6.5338765615014065,3.447751218684983,632.2164663327088,6.533876561500033,1.85154925178249e-12,7.428680876718772,0.0,0.0,16479,16653
Belgium_quarters,8.0,0.2,0.25,True,True,causal_success,3.1789646661662534e-13,3.4602510015424104e-12,3.797061085827176,1139.035898274135,1.4347414806914352e-12,2.025509520850975e-12,3.0143471882859103,0.0,0.0,16481,16653
Belgium_quarters,8.0,0.2,1.0,True,True,causal_success,3.183351653897904e-13,3.4650261658761825e-12,3.7129025437148337,1136.7354002751542,1.5029578084941523e-12,1.96206835738203e-12,3.0143471882859103,0.0,0.0,16481,16653
Belgium_quarters,8.0,0.2,4.0,True,True,causal_success,3.2216479939491e-13,3.5067111051357842e-12,3.459371549590627,1132.7288982797265,1.5510751210374009e-12,1.9556359840983834e-12,3.0143471882859103,0.0,0.0,16481,16653
Belgium_quarters,8.0,0.4,0.25,True,True,causal_success,3.253587461569315e-13,3.5414766928121213e-12,3.8361990701969955,2153.149495284512,1.4585902205993897e-12,2.0828864722127315e-12,2.0261064727044413,0.0,0.0,16585,16653
Belgium_quarters,8.0,0.4,1.0,True,True,causal_success,3.209565574764769e-13,3.493559589634967e-12,3.7350604412820974,2150.267894108404,1.510127684047611e-12,1.983431905587356e-12,2.0261064727044413,0.0,0.0,16585,16653
Belgium_quarters,8.0,0.4,4.0,True,True,causal_success,3.225028690628194e-13,3.510390938131177e-12,3.459371549590627,2145.733684063802,1.5530839850326906e-12,1.9573069530984862e-12,2.0261064727044413,0.0,0.0,16585,16653
