source,capacity_mwh,count,min,median,max
Belgium_quarters,2.0,14,0.0224876403808593,0.0675430297851562,0.2356681823730468
Belgium_quarters,4.0,17,1.1444091796875e-05,0.0272026062011718,0.1773605346679687
Belgium_quarters,8.0,17,1.1444091796875e-05,1.1444091796875e-05,0.0921134948730468
Germany_quarters,2.0,19,1.1444091796875e-05,0.0357627868652343,0.1071739196777343
Germany_quarters,4.0,19,1.1444091796875e-05,0.0159759521484375,0.0551490783691406
Germany_quarters,8.0,19,1.1444091796875e-05,0.0058708190917968,0.0399856567382812
Germany_seconds,2.0,19,1.1444091796875e-05,0.0365753173828125,0.1085586547851562
Germany_seconds,4.0,19,1.1444091796875e-05,0.0165939331054687,0.0561103820800781
Germany_seconds,8.0,19,1.1444091796875e-05,0.0060882568359375,0.0406608581542968
